1	6	SP7	MASTER	CHECKIN	PING	0	TARGET	I.M. Obi-Wan	SIZE	80	PAYLOAD	80	ZIP	false		UPSTREAM	-1	SERVER	7	DOWNSTREAM	6	Timeline	2023-02-04 21:37:16:210
1	0	SP7	MASTER	OPENPROBLEM	PING	0	TARGET	P.M. Jango Fett	SIZE	128	PAYLOAD	128	ZIP	false		UPSTREAM	18248	SERVER	2977	DOWNSTREAM	3	Timeline	2023-02-04 21:37:16:249
1	0	SP7	MASTER	SOLVEPROBLEM	PING	1	TARGET	Dookoo	SIZE	1024	PAYLOAD	1024	ZIP	false		UPSTREAM	3211	SERVER	501	DOWNSTREAM	2	Timeline	2023-02-04 21:37:37:578
1	0	SP7	MASTER	SOLVEPROBLEM	PING	2	TARGET	Dookoo	SIZE	2048	PAYLOAD	2048	ZIP	false		UPSTREAM	3523	SERVER	500	DOWNSTREAM	3	Timeline	2023-02-04 21:37:41:293
1	0	SP7	MASTER	SOLVEPROBLEM	PING	3	TARGET	Dookoo	SIZE	4096	PAYLOAD	4096	ZIP	false		UPSTREAM	3589	SERVER	500	DOWNSTREAM	3	Timeline	2023-02-04 21:37:45:320
1	0	SP7	MASTER	SOLVEPROBLEM	PING	4	TARGET	Dookoo	SIZE	8192	PAYLOAD	8192	ZIP	false		UPSTREAM	3510	SERVER	501	DOWNSTREAM	2	Timeline	2023-02-04 21:37:49:413
1	0	SP7	MASTER	SOLVEPROBLEM	PING	5	TARGET	Dookoo	SIZE	16384	PAYLOAD	16384	ZIP	false		UPSTREAM	3552	SERVER	501	DOWNSTREAM	2	Timeline	2023-02-04 21:37:53:427
1	0	SP7	MASTER	SOLVEPROBLEM	PING	6	TARGET	Dookoo	SIZE	32768	PAYLOAD	32768	ZIP	false		UPSTREAM	3090	SERVER	500	DOWNSTREAM	3	Timeline	2023-02-04 21:37:57:483
1	0	SP7	MASTER	SOLVEPROBLEM	PING	7	TARGET	Dookoo	SIZE	65536	PAYLOAD	65536	ZIP	false		UPSTREAM	3081	SERVER	501	DOWNSTREAM	3	Timeline	2023-02-04 21:38:01:077
1	0	SP7	MASTER	SOLVEPROBLEM	PING	8	TARGET	Dookoo	SIZE	131072	PAYLOAD	131072	ZIP	false		UPSTREAM	3072	SERVER	504	DOWNSTREAM	3	Timeline	2023-02-04 21:38:04:663
1	0	SP7	MASTER	SOLVEPROBLEM	PING	9	TARGET	Dookoo	SIZE	262144	PAYLOAD	262144	ZIP	false		UPSTREAM	3020	SERVER	515	DOWNSTREAM	4	Timeline	2023-02-04 21:38:08:243
1	0	SP7	MASTER	SOLVEPROBLEM	PING	10	TARGET	Dookoo	SIZE	524288	PAYLOAD	524288	ZIP	false		UPSTREAM	3076	SERVER	560	DOWNSTREAM	5	Timeline	2023-02-04 21:38:11:783
1	0	SP7	MASTER	SOLVEPROBLEM	PING	11	TARGET	Dookoo	SIZE	512	PAYLOAD	346	ZIP	true		UPSTREAM	2498	SERVER	500	DOWNSTREAM	3	Timeline	2023-02-04 21:38:15:425
1	0	SP7	MASTER	SOLVEPROBLEM	PING	12	TARGET	Dookoo	SIZE	1024	PAYLOAD	506	ZIP	true		UPSTREAM	2504	SERVER	501	DOWNSTREAM	2	Timeline	2023-02-04 21:38:18:427
1	0	SP7	MASTER	SOLVEPROBLEM	PING	13	TARGET	Dookoo	SIZE	2048	PAYLOAD	825	ZIP	true		UPSTREAM	2524	SERVER	500	DOWNSTREAM	3	Timeline	2023-02-04 21:38:21:435
1	0	SP7	MASTER	SOLVEPROBLEM	PING	14	TARGET	Dookoo	SIZE	4096	PAYLOAD	1470	ZIP	true		UPSTREAM	2002	SERVER	500	DOWNSTREAM	3	Timeline	2023-02-04 21:38:24:463
1	0	SP7	MASTER	SOLVEPROBLEM	PING	15	TARGET	Dookoo	SIZE	8192	PAYLOAD	1671	ZIP	true		UPSTREAM	2005	SERVER	500	DOWNSTREAM	3	Timeline	2023-02-04 21:38:26:969
1	0	SP7	MASTER	SOLVEPROBLEM	PING	16	TARGET	Dookoo	SIZE	16384	PAYLOAD	1769	ZIP	true		UPSTREAM	2029	SERVER	500	DOWNSTREAM	3	Timeline	2023-02-04 21:38:29:478
1	0	SP7	MASTER	SOLVEPROBLEM	PING	17	TARGET	Dookoo	SIZE	32768	PAYLOAD	1948	ZIP	true		UPSTREAM	1525	SERVER	500	DOWNSTREAM	4	Timeline	2023-02-04 21:38:32:011
1	0	SP7	MASTER	SOLVEPROBLEM	PING	18	TARGET	Dookoo	SIZE	65536	PAYLOAD	2291	ZIP	true		UPSTREAM	1013	SERVER	503	DOWNSTREAM	2	Timeline	2023-02-04 21:38:34:041
1	0	SP7	MASTER	SOLVEPROBLEM	PING	19	TARGET	Dookoo	SIZE	131072	PAYLOAD	2944	ZIP	true		UPSTREAM	500	SERVER	505	DOWNSTREAM	3	Timeline	2023-02-04 21:38:35:562
1	0	SP7	MASTER	SOLVEPROBLEM	PING	20	TARGET	Dookoo	SIZE	262144	PAYLOAD	4214	ZIP	true		UPSTREAM	512	SERVER	523	DOWNSTREAM	2	Timeline	2023-02-04 21:38:36:573
1	0	SP7	MASTER	CLOSEPROBLEM	PING	0	TARGET	P.M. Jango Fett	SIZE	84	PAYLOAD	84	ZIP	false		UPSTREAM	-1	SERVER	3	DOWNSTREAM	2	Timeline	2023-02-04 21:38:37:614
1	0	SP7	MASTER	CHECKOUT	PING	0	TARGET	I.M. Obi-Wan	SIZE	30	PAYLOAD	30	ZIP	false		UPSTREAM	-1	SERVER	6	DOWNSTREAM	3	Timeline	2023-02-04 21:38:37:619
0	81501	SP7	MASTER	EXIT
