1	1	SP0	MASTER	CHECKIN	PING	0	TARGET	I.M. Obi-Wan	SIZE	80	PAYLOAD	80	ZIP	false		UPSTREAM	12	SERVER	22	DOWNSTREAM	5	Timeline	2023-02-04 21:18:51:439
1	0	SP0	MASTER	OPENPROBLEM	PING	0	TARGET	P.M. Jango Fett	SIZE	128	PAYLOAD	128	ZIP	false		UPSTREAM	11	SERVER	608	DOWNSTREAM	10	Timeline	2023-02-04 21:18:51:520
1	0	SP0	MASTER	SOLVEPROBLEM	PING	1	TARGET	Dookoo	SIZE	1024	PAYLOAD	1024	ZIP	false		UPSTREAM	5	SERVER	508	DOWNSTREAM	3	Timeline	2023-02-04 21:18:52:251
1	0	SP0	MASTER	SOLVEPROBLEM	PING	2	TARGET	Dookoo	SIZE	2048	PAYLOAD	2048	ZIP	false		UPSTREAM	1	SERVER	502	DOWNSTREAM	2	Timeline	2023-02-04 21:18:52:771
1	0	SP0	MASTER	SOLVEPROBLEM	PING	3	TARGET	Dookoo	SIZE	4096	PAYLOAD	4096	ZIP	false		UPSTREAM	1	SERVER	501	DOWNSTREAM	2	Timeline	2023-02-04 21:18:53:280
1	0	SP0	MASTER	SOLVEPROBLEM	PING	4	TARGET	Dookoo	SIZE	8192	PAYLOAD	8192	ZIP	false		UPSTREAM	0	SERVER	501	DOWNSTREAM	3	Timeline	2023-02-04 21:18:53:787
1	0	SP0	MASTER	SOLVEPROBLEM	PING	5	TARGET	Dookoo	SIZE	16384	PAYLOAD	16384	ZIP	false		UPSTREAM	1	SERVER	502	DOWNSTREAM	2	Timeline	2023-02-04 21:18:54:294
1	0	SP0	MASTER	SOLVEPROBLEM	PING	6	TARGET	Dookoo	SIZE	32768	PAYLOAD	32768	ZIP	false		UPSTREAM	1	SERVER	501	DOWNSTREAM	2	Timeline	2023-02-04 21:18:54:802
1	0	SP0	MASTER	SOLVEPROBLEM	PING	7	TARGET	Dookoo	SIZE	65536	PAYLOAD	65536	ZIP	false		UPSTREAM	0	SERVER	502	DOWNSTREAM	3	Timeline	2023-02-04 21:18:55:310
1	0	SP0	MASTER	SOLVEPROBLEM	PING	8	TARGET	Dookoo	SIZE	131072	PAYLOAD	131072	ZIP	false		UPSTREAM	0	SERVER	511	DOWNSTREAM	3	Timeline	2023-02-04 21:18:55:821
1	0	SP0	MASTER	SOLVEPROBLEM	PING	9	TARGET	Dookoo	SIZE	262144	PAYLOAD	262144	ZIP	false		UPSTREAM	0	SERVER	515	DOWNSTREAM	5	Timeline	2023-02-04 21:18:56:338
1	1	SP0	MASTER	SOLVEPROBLEM	PING	10	TARGET	Dookoo	SIZE	524288	PAYLOAD	524288	ZIP	false		UPSTREAM	1	SERVER	594	DOWNSTREAM	7	Timeline	2023-02-04 21:18:56:860
1	0	SP0	MASTER	SOLVEPROBLEM	PING	11	TARGET	Dookoo	SIZE	512	PAYLOAD	349	ZIP	true		UPSTREAM	0	SERVER	503	DOWNSTREAM	3	Timeline	2023-02-04 21:18:57:465
1	0	SP0	MASTER	SOLVEPROBLEM	PING	12	TARGET	Dookoo	SIZE	1024	PAYLOAD	357	ZIP	true		UPSTREAM	0	SERVER	501	DOWNSTREAM	2	Timeline	2023-02-04 21:18:57:974
1	0	SP0	MASTER	SOLVEPROBLEM	PING	13	TARGET	Dookoo	SIZE	2048	PAYLOAD	823	ZIP	true		UPSTREAM	1	SERVER	501	DOWNSTREAM	2	Timeline	2023-02-04 21:18:58:479
1	0	SP0	MASTER	SOLVEPROBLEM	PING	14	TARGET	Dookoo	SIZE	4096	PAYLOAD	1312	ZIP	true		UPSTREAM	0	SERVER	501	DOWNSTREAM	3	Timeline	2023-02-04 21:18:58:985
1	0	SP0	MASTER	SOLVEPROBLEM	PING	15	TARGET	Dookoo	SIZE	8192	PAYLOAD	1516	ZIP	true		UPSTREAM	0	SERVER	501	DOWNSTREAM	3	Timeline	2023-02-04 21:18:59:492
1	0	SP0	MASTER	SOLVEPROBLEM	PING	16	TARGET	Dookoo	SIZE	16384	PAYLOAD	1768	ZIP	true		UPSTREAM	2	SERVER	501	DOWNSTREAM	3	Timeline	2023-02-04 21:18:59:999
1	0	SP0	MASTER	SOLVEPROBLEM	PING	17	TARGET	Dookoo	SIZE	32768	PAYLOAD	1955	ZIP	true		UPSTREAM	0	SERVER	502	DOWNSTREAM	2	Timeline	2023-02-04 21:19:00:507
1	0	SP0	MASTER	SOLVEPROBLEM	PING	18	TARGET	Dookoo	SIZE	65536	PAYLOAD	2291	ZIP	true		UPSTREAM	0	SERVER	503	DOWNSTREAM	3	Timeline	2023-02-04 21:19:01:015
1	0	SP0	MASTER	SOLVEPROBLEM	PING	19	TARGET	Dookoo	SIZE	131072	PAYLOAD	2940	ZIP	true		UPSTREAM	0	SERVER	511	DOWNSTREAM	3	Timeline	2023-02-04 21:19:01:524
1	0	SP0	MASTER	SOLVEPROBLEM	PING	20	TARGET	Dookoo	SIZE	262144	PAYLOAD	4209	ZIP	true		UPSTREAM	0	SERVER	526	DOWNSTREAM	2	Timeline	2023-02-04 21:19:02:043
1	0	SP0	MASTER	CLOSEPROBLEM	PING	0	TARGET	P.M. Jango Fett	SIZE	84	PAYLOAD	84	ZIP	false		UPSTREAM	0	SERVER	5	DOWNSTREAM	2	Timeline	2023-02-04 21:19:02:579
1	0	SP0	MASTER	CHECKOUT	PING	0	TARGET	I.M. Obi-Wan	SIZE	30	PAYLOAD	30	ZIP	false		UPSTREAM	0	SERVER	13	DOWNSTREAM	5	Timeline	2023-02-04 21:19:02:589
0	11364	SP0	MASTER	EXIT
1	1	SP0	MASTER	CHECKIN	PING	0	TARGET	I.M. Obi-Wan	SIZE	80	PAYLOAD	80	ZIP	false		UPSTREAM	16	SERVER	6	DOWNSTREAM	9	Timeline	2023-02-04 21:21:03:575
1	0	SP0	MASTER	OPENPROBLEM	PING	0	TARGET	P.M. Jango Fett	SIZE	128	PAYLOAD	128	ZIP	false		UPSTREAM	5	SERVER	289	DOWNSTREAM	6	Timeline	2023-02-04 21:21:03:639
1	0	SP0	MASTER	SOLVEPROBLEM	PING	1	TARGET	Dookoo	SIZE	1024	PAYLOAD	1024	ZIP	false		UPSTREAM	0	SERVER	501	DOWNSTREAM	4	Timeline	2023-02-04 21:21:04:046
1	0	SP0	MASTER	SOLVEPROBLEM	PING	2	TARGET	Dookoo	SIZE	2048	PAYLOAD	2048	ZIP	false		UPSTREAM	0	SERVER	501	DOWNSTREAM	3	Timeline	2023-02-04 21:21:04:554
1	0	SP0	MASTER	SOLVEPROBLEM	PING	3	TARGET	Dookoo	SIZE	4096	PAYLOAD	4096	ZIP	false		UPSTREAM	-1	SERVER	501	DOWNSTREAM	4	Timeline	2023-02-04 21:21:05:061
1	0	SP0	MASTER	SOLVEPROBLEM	PING	4	TARGET	Dookoo	SIZE	8192	PAYLOAD	8192	ZIP	false		UPSTREAM	-1	SERVER	501	DOWNSTREAM	3	Timeline	2023-02-04 21:21:05:567
1	0	SP0	MASTER	SOLVEPROBLEM	PING	5	TARGET	Dookoo	SIZE	16384	PAYLOAD	16384	ZIP	false		UPSTREAM	-1	SERVER	501	DOWNSTREAM	3	Timeline	2023-02-04 21:21:06:074
1	0	SP0	MASTER	SOLVEPROBLEM	PING	6	TARGET	Dookoo	SIZE	32768	PAYLOAD	32768	ZIP	false		UPSTREAM	0	SERVER	501	DOWNSTREAM	4	Timeline	2023-02-04 21:21:06:580
1	0	SP0	MASTER	SOLVEPROBLEM	PING	7	TARGET	Dookoo	SIZE	65536	PAYLOAD	65536	ZIP	false		UPSTREAM	494	SERVER	502	DOWNSTREAM	3	Timeline	2023-02-04 21:21:07:088
1	0	SP0	MASTER	SOLVEPROBLEM	PING	8	TARGET	Dookoo	SIZE	131072	PAYLOAD	131072	ZIP	false		UPSTREAM	495	SERVER	506	DOWNSTREAM	5	Timeline	2023-02-04 21:21:08:090
1	0	SP0	MASTER	SOLVEPROBLEM	PING	9	TARGET	Dookoo	SIZE	262144	PAYLOAD	262144	ZIP	false		UPSTREAM	494	SERVER	519	DOWNSTREAM	7	Timeline	2023-02-04 21:21:09:098
1	0	SP0	MASTER	SOLVEPROBLEM	PING	10	TARGET	Dookoo	SIZE	524288	PAYLOAD	524288	ZIP	false		UPSTREAM	490	SERVER	595	DOWNSTREAM	8	Timeline	2023-02-04 21:21:10:123
1	0	SP0	MASTER	SOLVEPROBLEM	PING	11	TARGET	Dookoo	SIZE	512	PAYLOAD	348	ZIP	true		UPSTREAM	491	SERVER	500	DOWNSTREAM	3	Timeline	2023-02-04 21:21:11:219
1	0	SP0	MASTER	SOLVEPROBLEM	PING	12	TARGET	Dookoo	SIZE	1024	PAYLOAD	506	ZIP	true		UPSTREAM	495	SERVER	501	DOWNSTREAM	4	Timeline	2023-02-04 21:21:12:216
1	0	SP0	MASTER	SOLVEPROBLEM	PING	13	TARGET	Dookoo	SIZE	2048	PAYLOAD	976	ZIP	true		UPSTREAM	496	SERVER	501	DOWNSTREAM	3	Timeline	2023-02-04 21:21:13:218
1	0	SP0	MASTER	SOLVEPROBLEM	PING	14	TARGET	Dookoo	SIZE	4096	PAYLOAD	1311	ZIP	true		UPSTREAM	504	SERVER	501	DOWNSTREAM	4	Timeline	2023-02-04 21:21:14:220
1	0	SP0	MASTER	SOLVEPROBLEM	PING	15	TARGET	Dookoo	SIZE	8192	PAYLOAD	1518	ZIP	true		UPSTREAM	511	SERVER	501	DOWNSTREAM	3	Timeline	2023-02-04 21:21:15:235
1	0	SP0	MASTER	SOLVEPROBLEM	PING	16	TARGET	Dookoo	SIZE	16384	PAYLOAD	1767	ZIP	true		UPSTREAM	558	SERVER	501	DOWNSTREAM	3	Timeline	2023-02-04 21:21:16:253
1	0	SP0	MASTER	SOLVEPROBLEM	PING	17	TARGET	Dookoo	SIZE	32768	PAYLOAD	1947	ZIP	true		UPSTREAM	496	SERVER	501	DOWNSTREAM	3	Timeline	2023-02-04 21:21:17:317
1	0	SP0	MASTER	SOLVEPROBLEM	PING	18	TARGET	Dookoo	SIZE	65536	PAYLOAD	2287	ZIP	true		UPSTREAM	496	SERVER	502	DOWNSTREAM	3	Timeline	2023-02-04 21:21:18:319
1	0	SP0	MASTER	SOLVEPROBLEM	PING	19	TARGET	Dookoo	SIZE	131072	PAYLOAD	2945	ZIP	true		UPSTREAM	495	SERVER	506	DOWNSTREAM	3	Timeline	2023-02-04 21:21:19:323
1	0	SP0	MASTER	SOLVEPROBLEM	PING	20	TARGET	Dookoo	SIZE	262144	PAYLOAD	4214	ZIP	true		UPSTREAM	494	SERVER	520	DOWNSTREAM	3	Timeline	2023-02-04 21:21:20:331
1	0	SP0	MASTER	CLOSEPROBLEM	PING	0	TARGET	P.M. Jango Fett	SIZE	84	PAYLOAD	84	ZIP	false		UPSTREAM	-1	SERVER	2	DOWNSTREAM	3	Timeline	2023-02-04 21:21:21:353
1	0	SP0	MASTER	CHECKOUT	PING	0	TARGET	I.M. Obi-Wan	SIZE	30	PAYLOAD	30	ZIP	false		UPSTREAM	-1	SERVER	7	DOWNSTREAM	3	Timeline	2023-02-04 21:21:21:359
0	18031	SP0	MASTER	EXIT
1	1	SP1	MASTER	CHECKIN	PING	0	TARGET	I.M. Obi-Wan	SIZE	80	PAYLOAD	80	ZIP	false		UPSTREAM	3	SERVER	10	DOWNSTREAM	6	Timeline	2023-02-04 21:21:03:575
1	0	SP1	MASTER	OPENPROBLEM	PING	0	TARGET	P.M. Jango Fett	SIZE	128	PAYLOAD	128	ZIP	false		UPSTREAM	294	SERVER	3018	DOWNSTREAM	10	Timeline	2023-02-04 21:21:03:643
1	1	SP1	MASTER	SOLVEPROBLEM	PING	1	TARGET	Dookoo	SIZE	1024	PAYLOAD	1024	ZIP	false		UPSTREAM	21	SERVER	501	DOWNSTREAM	5	Timeline	2023-02-04 21:21:07:060
1	1	SP1	MASTER	SOLVEPROBLEM	PING	2	TARGET	Dookoo	SIZE	2048	PAYLOAD	2048	ZIP	false		UPSTREAM	492	SERVER	500	DOWNSTREAM	5	Timeline	2023-02-04 21:21:07:592
1	0	SP1	MASTER	SOLVEPROBLEM	PING	3	TARGET	Dookoo	SIZE	4096	PAYLOAD	4096	ZIP	false		UPSTREAM	499	SERVER	500	DOWNSTREAM	4	Timeline	2023-02-04 21:21:08:593
1	0	SP1	MASTER	SOLVEPROBLEM	PING	4	TARGET	Dookoo	SIZE	8192	PAYLOAD	8192	ZIP	false		UPSTREAM	513	SERVER	501	DOWNSTREAM	3	Timeline	2023-02-04 21:21:09:599
1	0	SP1	MASTER	SOLVEPROBLEM	PING	5	TARGET	Dookoo	SIZE	16384	PAYLOAD	16384	ZIP	false		UPSTREAM	590	SERVER	500	DOWNSTREAM	4	Timeline	2023-02-04 21:21:10:619
1	0	SP1	MASTER	SOLVEPROBLEM	PING	6	TARGET	Dookoo	SIZE	32768	PAYLOAD	32768	ZIP	false		UPSTREAM	496	SERVER	500	DOWNSTREAM	3	Timeline	2023-02-04 21:21:11:715
1	0	SP1	MASTER	SOLVEPROBLEM	PING	7	TARGET	Dookoo	SIZE	65536	PAYLOAD	65536	ZIP	false		UPSTREAM	496	SERVER	502	DOWNSTREAM	3	Timeline	2023-02-04 21:21:12:716
1	0	SP1	MASTER	SOLVEPROBLEM	PING	8	TARGET	Dookoo	SIZE	131072	PAYLOAD	131072	ZIP	false		UPSTREAM	496	SERVER	509	DOWNSTREAM	4	Timeline	2023-02-04 21:21:13:719
1	0	SP1	MASTER	SOLVEPROBLEM	PING	9	TARGET	Dookoo	SIZE	262144	PAYLOAD	262144	ZIP	false		UPSTREAM	497	SERVER	520	DOWNSTREAM	4	Timeline	2023-02-04 21:21:14:729
1	0	SP1	MASTER	SOLVEPROBLEM	PING	10	TARGET	Dookoo	SIZE	524288	PAYLOAD	524288	ZIP	false		UPSTREAM	495	SERVER	564	DOWNSTREAM	8	Timeline	2023-02-04 21:21:15:752
1	0	SP1	MASTER	SOLVEPROBLEM	PING	11	TARGET	Dookoo	SIZE	512	PAYLOAD	348	ZIP	true		UPSTREAM	491	SERVER	501	DOWNSTREAM	3	Timeline	2023-02-04 21:21:16:821
1	0	SP1	MASTER	SOLVEPROBLEM	PING	12	TARGET	Dookoo	SIZE	1024	PAYLOAD	505	ZIP	true		UPSTREAM	497	SERVER	501	DOWNSTREAM	3	Timeline	2023-02-04 21:21:17:817
1	0	SP1	MASTER	SOLVEPROBLEM	PING	13	TARGET	Dookoo	SIZE	2048	PAYLOAD	671	ZIP	true		UPSTREAM	496	SERVER	501	DOWNSTREAM	3	Timeline	2023-02-04 21:21:18:821
1	0	SP1	MASTER	SOLVEPROBLEM	PING	14	TARGET	Dookoo	SIZE	4096	PAYLOAD	1313	ZIP	true		UPSTREAM	500	SERVER	501	DOWNSTREAM	3	Timeline	2023-02-04 21:21:19:824
1	0	SP1	MASTER	SOLVEPROBLEM	PING	15	TARGET	Dookoo	SIZE	8192	PAYLOAD	1518	ZIP	true		UPSTREAM	515	SERVER	501	DOWNSTREAM	3	Timeline	2023-02-04 21:21:20:830
1	0	SP1	MASTER	SOLVEPROBLEM	PING	16	TARGET	Dookoo	SIZE	16384	PAYLOAD	1767	ZIP	true		UPSTREAM	-1	SERVER	501	DOWNSTREAM	3	Timeline	2023-02-04 21:21:21:850
1	0	SP1	MASTER	SOLVEPROBLEM	PING	17	TARGET	Dookoo	SIZE	32768	PAYLOAD	1950	ZIP	true		UPSTREAM	-2	SERVER	501	DOWNSTREAM	3	Timeline	2023-02-04 21:21:22:355
1	0	SP1	MASTER	SOLVEPROBLEM	PING	18	TARGET	Dookoo	SIZE	65536	PAYLOAD	2291	ZIP	true		UPSTREAM	-1	SERVER	502	DOWNSTREAM	3	Timeline	2023-02-04 21:21:22:859
1	0	SP1	MASTER	SOLVEPROBLEM	PING	19	TARGET	Dookoo	SIZE	131072	PAYLOAD	2947	ZIP	true		UPSTREAM	-1	SERVER	504	DOWNSTREAM	3	Timeline	2023-02-04 21:21:23:365
1	0	SP1	MASTER	SOLVEPROBLEM	PING	20	TARGET	Dookoo	SIZE	262144	PAYLOAD	4212	ZIP	true		UPSTREAM	-1	SERVER	522	DOWNSTREAM	3	Timeline	2023-02-04 21:21:23:875
1	0	SP1	MASTER	CLOSEPROBLEM	PING	0	TARGET	P.M. Jango Fett	SIZE	84	PAYLOAD	84	ZIP	false		UPSTREAM	-1	SERVER	4	DOWNSTREAM	3	Timeline	2023-02-04 21:21:24:405
1	0	SP1	MASTER	CHECKOUT	PING	0	TARGET	I.M. Obi-Wan	SIZE	30	PAYLOAD	30	ZIP	false		UPSTREAM	-1	SERVER	9	DOWNSTREAM	3	Timeline	2023-02-04 21:21:24:414
0	21063	SP1	MASTER	EXIT
1	0	SP0	MASTER	CHECKIN	PING	0	TARGET	I.M. Obi-Wan	SIZE	80	PAYLOAD	80	ZIP	false		UPSTREAM	15	SERVER	7	DOWNSTREAM	39	Timeline	2023-02-04 21:34:20:337
1	1	SP0	MASTER	OPENPROBLEM	PING	0	TARGET	P.M. Jango Fett	SIZE	128	PAYLOAD	128	ZIP	false		UPSTREAM	6370	SERVER	3071	DOWNSTREAM	7	Timeline	2023-02-04 21:34:20:476
1	0	SP0	MASTER	SOLVEPROBLEM	PING	1	TARGET	Dookoo	SIZE	1024	PAYLOAD	1024	ZIP	false		UPSTREAM	1073	SERVER	500	DOWNSTREAM	3	Timeline	2023-02-04 21:34:30:023
1	0	SP0	MASTER	SOLVEPROBLEM	PING	2	TARGET	Dookoo	SIZE	2048	PAYLOAD	2048	ZIP	false		UPSTREAM	1499	SERVER	501	DOWNSTREAM	3	Timeline	2023-02-04 21:34:31:601
1	0	SP0	MASTER	SOLVEPROBLEM	PING	3	TARGET	Dookoo	SIZE	4096	PAYLOAD	4096	ZIP	false		UPSTREAM	1502	SERVER	500	DOWNSTREAM	3	Timeline	2023-02-04 21:34:33:606
1	0	SP0	MASTER	SOLVEPROBLEM	PING	4	TARGET	Dookoo	SIZE	8192	PAYLOAD	8192	ZIP	false		UPSTREAM	1515	SERVER	501	DOWNSTREAM	3	Timeline	2023-02-04 21:34:35:613
1	0	SP0	MASTER	SOLVEPROBLEM	PING	5	TARGET	Dookoo	SIZE	16384	PAYLOAD	16384	ZIP	false		UPSTREAM	1565	SERVER	500	DOWNSTREAM	3	Timeline	2023-02-04 21:34:37:634
1	0	SP0	MASTER	SOLVEPROBLEM	PING	6	TARGET	Dookoo	SIZE	32768	PAYLOAD	32768	ZIP	false		UPSTREAM	1499	SERVER	501	DOWNSTREAM	4	Timeline	2023-02-04 21:34:39:703
1	0	SP0	MASTER	SOLVEPROBLEM	PING	7	TARGET	Dookoo	SIZE	65536	PAYLOAD	65536	ZIP	false		UPSTREAM	1516	SERVER	502	DOWNSTREAM	3	Timeline	2023-02-04 21:34:41:712
1	0	SP0	MASTER	SOLVEPROBLEM	PING	8	TARGET	Dookoo	SIZE	131072	PAYLOAD	131072	ZIP	false		UPSTREAM	1516	SERVER	505	DOWNSTREAM	13	Timeline	2023-02-04 21:34:43:734
1	0	SP0	MASTER	SOLVEPROBLEM	PING	9	TARGET	Dookoo	SIZE	262144	PAYLOAD	262144	ZIP	false		UPSTREAM	1563	SERVER	516	DOWNSTREAM	4	Timeline	2023-02-04 21:34:45:770
1	0	SP0	MASTER	SOLVEPROBLEM	PING	10	TARGET	Dookoo	SIZE	524288	PAYLOAD	524288	ZIP	false		UPSTREAM	998	SERVER	580	DOWNSTREAM	4	Timeline	2023-02-04 21:34:47:853
1	0	SP0	MASTER	SOLVEPROBLEM	PING	11	TARGET	Dookoo	SIZE	512	PAYLOAD	201	ZIP	true		UPSTREAM	997	SERVER	500	DOWNSTREAM	3	Timeline	2023-02-04 21:34:49:436
1	0	SP0	MASTER	SOLVEPROBLEM	PING	12	TARGET	Dookoo	SIZE	1024	PAYLOAD	657	ZIP	true		UPSTREAM	998	SERVER	501	DOWNSTREAM	2	Timeline	2023-02-04 21:34:50:937
1	0	SP0	MASTER	SOLVEPROBLEM	PING	13	TARGET	Dookoo	SIZE	2048	PAYLOAD	825	ZIP	true		UPSTREAM	1000	SERVER	500	DOWNSTREAM	3	Timeline	2023-02-04 21:34:52:439
1	0	SP0	MASTER	SOLVEPROBLEM	PING	14	TARGET	Dookoo	SIZE	4096	PAYLOAD	1310	ZIP	true		UPSTREAM	1004	SERVER	501	DOWNSTREAM	2	Timeline	2023-02-04 21:34:53:943
1	0	SP0	MASTER	SOLVEPROBLEM	PING	15	TARGET	Dookoo	SIZE	8192	PAYLOAD	1521	ZIP	true		UPSTREAM	1014	SERVER	501	DOWNSTREAM	3	Timeline	2023-02-04 21:34:55:451
1	0	SP0	MASTER	SOLVEPROBLEM	PING	16	TARGET	Dookoo	SIZE	16384	PAYLOAD	1773	ZIP	true		UPSTREAM	497	SERVER	501	DOWNSTREAM	3	Timeline	2023-02-04 21:34:56:970
1	1	SP0	MASTER	SOLVEPROBLEM	PING	17	TARGET	Dookoo	SIZE	32768	PAYLOAD	1945	ZIP	true		UPSTREAM	498	SERVER	501	DOWNSTREAM	3	Timeline	2023-02-04 21:34:57:972
1	1	SP0	MASTER	SOLVEPROBLEM	PING	18	TARGET	Dookoo	SIZE	65536	PAYLOAD	2291	ZIP	true		UPSTREAM	500	SERVER	502	DOWNSTREAM	2	Timeline	2023-02-04 21:34:58:977
1	0	SP0	MASTER	SOLVEPROBLEM	PING	19	TARGET	Dookoo	SIZE	131072	PAYLOAD	2948	ZIP	true		UPSTREAM	511	SERVER	506	DOWNSTREAM	2	Timeline	2023-02-04 21:34:59:983
1	0	SP0	MASTER	SOLVEPROBLEM	PING	20	TARGET	Dookoo	SIZE	262144	PAYLOAD	4202	ZIP	true		UPSTREAM	-2	SERVER	517	DOWNSTREAM	2	Timeline	2023-02-04 21:35:01:005
1	0	SP0	MASTER	CLOSEPROBLEM	PING	0	TARGET	P.M. Jango Fett	SIZE	84	PAYLOAD	84	ZIP	false		UPSTREAM	-1	SERVER	2	DOWNSTREAM	3	Timeline	2023-02-04 21:35:01:525
1	0	SP0	MASTER	CHECKOUT	PING	0	TARGET	I.M. Obi-Wan	SIZE	30	PAYLOAD	30	ZIP	false		UPSTREAM	-1	SERVER	5	DOWNSTREAM	3	Timeline	2023-02-04 21:35:01:530
0	41460	SP0	MASTER	EXIT
1	0	SP1	MASTER	CHECKIN	PING	0	TARGET	I.M. Obi-Wan	SIZE	80	PAYLOAD	80	ZIP	false		UPSTREAM	31	SERVER	10	DOWNSTREAM	33	Timeline	2023-02-04 21:34:20:339
1	0	SP1	MASTER	OPENPROBLEM	PING	0	TARGET	P.M. Jango Fett	SIZE	128	PAYLOAD	128	ZIP	false		UPSTREAM	3	SERVER	288	DOWNSTREAM	6	Timeline	2023-02-04 21:34:20:453
1	0	SP1	MASTER	SOLVEPROBLEM	PING	1	TARGET	Dookoo	SIZE	1024	PAYLOAD	1024	ZIP	false		UPSTREAM	1	SERVER	501	DOWNSTREAM	3	Timeline	2023-02-04 21:34:20:856
1	0	SP1	MASTER	SOLVEPROBLEM	PING	2	TARGET	Dookoo	SIZE	2048	PAYLOAD	2048	ZIP	false		UPSTREAM	4	SERVER	501	DOWNSTREAM	4	Timeline	2023-02-04 21:34:21:365
1	0	SP1	MASTER	SOLVEPROBLEM	PING	3	TARGET	Dookoo	SIZE	4096	PAYLOAD	4096	ZIP	false		UPSTREAM	3	SERVER	500	DOWNSTREAM	4	Timeline	2023-02-04 21:34:21:876
1	0	SP1	MASTER	SOLVEPROBLEM	PING	4	TARGET	Dookoo	SIZE	8192	PAYLOAD	8192	ZIP	false		UPSTREAM	-1	SERVER	501	DOWNSTREAM	3	Timeline	2023-02-04 21:34:22:386
1	0	SP1	MASTER	SOLVEPROBLEM	PING	5	TARGET	Dookoo	SIZE	16384	PAYLOAD	16384	ZIP	false		UPSTREAM	-1	SERVER	501	DOWNSTREAM	3	Timeline	2023-02-04 21:34:22:891
1	0	SP1	MASTER	SOLVEPROBLEM	PING	6	TARGET	Dookoo	SIZE	32768	PAYLOAD	32768	ZIP	false		UPSTREAM	-1	SERVER	501	DOWNSTREAM	3	Timeline	2023-02-04 21:34:23:397
1	0	SP1	MASTER	SOLVEPROBLEM	PING	7	TARGET	Dookoo	SIZE	65536	PAYLOAD	65536	ZIP	false		UPSTREAM	490	SERVER	501	DOWNSTREAM	4	Timeline	2023-02-04 21:34:23:908
1	0	SP1	MASTER	SOLVEPROBLEM	PING	8	TARGET	Dookoo	SIZE	131072	PAYLOAD	131072	ZIP	false		UPSTREAM	495	SERVER	516	DOWNSTREAM	4	Timeline	2023-02-04 21:34:24:905
1	0	SP1	MASTER	SOLVEPROBLEM	PING	9	TARGET	Dookoo	SIZE	262144	PAYLOAD	262144	ZIP	false		UPSTREAM	495	SERVER	517	DOWNSTREAM	8	Timeline	2023-02-04 21:34:25:922
1	0	SP1	MASTER	SOLVEPROBLEM	PING	10	TARGET	Dookoo	SIZE	524288	PAYLOAD	524288	ZIP	false		UPSTREAM	485	SERVER	655	DOWNSTREAM	7	Timeline	2023-02-04 21:34:26:951
1	0	SP1	MASTER	SOLVEPROBLEM	PING	11	TARGET	Dookoo	SIZE	512	PAYLOAD	348	ZIP	true		UPSTREAM	992	SERVER	501	DOWNSTREAM	3	Timeline	2023-02-04 21:34:28:100
1	1	SP1	MASTER	SOLVEPROBLEM	PING	12	TARGET	Dookoo	SIZE	1024	PAYLOAD	509	ZIP	true		UPSTREAM	995	SERVER	501	DOWNSTREAM	3	Timeline	2023-02-04 21:34:29:600
1	0	SP1	MASTER	SOLVEPROBLEM	PING	13	TARGET	Dookoo	SIZE	2048	PAYLOAD	979	ZIP	true		UPSTREAM	1494	SERVER	501	DOWNSTREAM	3	Timeline	2023-02-04 21:34:31:105
1	0	SP1	MASTER	SOLVEPROBLEM	PING	14	TARGET	Dookoo	SIZE	4096	PAYLOAD	1471	ZIP	true		UPSTREAM	1501	SERVER	501	DOWNSTREAM	3	Timeline	2023-02-04 21:34:33:106
1	0	SP1	MASTER	SOLVEPROBLEM	PING	15	TARGET	Dookoo	SIZE	8192	PAYLOAD	1515	ZIP	true		UPSTREAM	1515	SERVER	500	DOWNSTREAM	3	Timeline	2023-02-04 21:34:35:113
1	0	SP1	MASTER	SOLVEPROBLEM	PING	16	TARGET	Dookoo	SIZE	16384	PAYLOAD	1770	ZIP	true		UPSTREAM	1565	SERVER	500	DOWNSTREAM	4	Timeline	2023-02-04 21:34:37:133
1	0	SP1	MASTER	SOLVEPROBLEM	PING	17	TARGET	Dookoo	SIZE	32768	PAYLOAD	1952	ZIP	true		UPSTREAM	1497	SERVER	501	DOWNSTREAM	3	Timeline	2023-02-04 21:34:39:204
1	0	SP1	MASTER	SOLVEPROBLEM	PING	18	TARGET	Dookoo	SIZE	65536	PAYLOAD	2291	ZIP	true		UPSTREAM	1504	SERVER	517	DOWNSTREAM	3	Timeline	2023-02-04 21:34:41:207
1	1	SP1	MASTER	SOLVEPROBLEM	PING	19	TARGET	Dookoo	SIZE	131072	PAYLOAD	2945	ZIP	true		UPSTREAM	1510	SERVER	505	DOWNSTREAM	3	Timeline	2023-02-04 21:34:43:234
1	0	SP1	MASTER	SOLVEPROBLEM	PING	20	TARGET	Dookoo	SIZE	262144	PAYLOAD	4208	ZIP	true		UPSTREAM	1558	SERVER	516	DOWNSTREAM	3	Timeline	2023-02-04 21:34:45:259
1	0	SP1	MASTER	CLOSEPROBLEM	PING	0	TARGET	P.M. Jango Fett	SIZE	84	PAYLOAD	84	ZIP	false		UPSTREAM	-1	SERVER	3	DOWNSTREAM	3	Timeline	2023-02-04 21:34:47:340
1	0	SP1	MASTER	CHECKOUT	PING	0	TARGET	I.M. Obi-Wan	SIZE	30	PAYLOAD	30	ZIP	false		UPSTREAM	-1	SERVER	8	DOWNSTREAM	3	Timeline	2023-02-04 21:34:47:347
0	27217	SP1	MASTER	EXIT
1	0	SP2	MASTER	CHECKIN	PING	0	TARGET	I.M. Obi-Wan	SIZE	80	PAYLOAD	80	ZIP	false		UPSTREAM	24	SERVER	6	DOWNSTREAM	16	Timeline	2023-02-04 21:34:20:337
1	0	SP2	MASTER	OPENPROBLEM	PING	0	TARGET	P.M. Jango Fett	SIZE	128	PAYLOAD	128	ZIP	false		UPSTREAM	3246	SERVER	3145	DOWNSTREAM	4	Timeline	2023-02-04 21:34:20:453
1	0	SP2	MASTER	SOLVEPROBLEM	PING	1	TARGET	Dookoo	SIZE	1024	PAYLOAD	1024	ZIP	false		UPSTREAM	1137	SERVER	500	DOWNSTREAM	3	Timeline	2023-02-04 21:34:26:954
1	0	SP2	MASTER	SOLVEPROBLEM	PING	2	TARGET	Dookoo	SIZE	2048	PAYLOAD	2048	ZIP	false		UPSTREAM	996	SERVER	501	DOWNSTREAM	3	Timeline	2023-02-04 21:34:28:597
1	0	SP2	MASTER	SOLVEPROBLEM	PING	3	TARGET	Dookoo	SIZE	4096	PAYLOAD	4096	ZIP	false		UPSTREAM	1498	SERVER	500	DOWNSTREAM	4	Timeline	2023-02-04 21:34:30:099
1	0	SP2	MASTER	SOLVEPROBLEM	PING	4	TARGET	Dookoo	SIZE	8192	PAYLOAD	8192	ZIP	false		UPSTREAM	1497	SERVER	501	DOWNSTREAM	3	Timeline	2023-02-04 21:34:32:104
1	0	SP2	MASTER	SOLVEPROBLEM	PING	5	TARGET	Dookoo	SIZE	16384	PAYLOAD	16384	ZIP	false		UPSTREAM	1500	SERVER	500	DOWNSTREAM	3	Timeline	2023-02-04 21:34:34:109
1	0	SP2	MASTER	SOLVEPROBLEM	PING	6	TARGET	Dookoo	SIZE	32768	PAYLOAD	32768	ZIP	false		UPSTREAM	1514	SERVER	501	DOWNSTREAM	3	Timeline	2023-02-04 21:34:36:115
1	0	SP2	MASTER	SOLVEPROBLEM	PING	7	TARGET	Dookoo	SIZE	65536	PAYLOAD	65536	ZIP	false		UPSTREAM	1564	SERVER	502	DOWNSTREAM	3	Timeline	2023-02-04 21:34:38:135
1	0	SP2	MASTER	SOLVEPROBLEM	PING	8	TARGET	Dookoo	SIZE	131072	PAYLOAD	131072	ZIP	false		UPSTREAM	1499	SERVER	506	DOWNSTREAM	4	Timeline	2023-02-04 21:34:40:205
1	0	SP2	MASTER	SOLVEPROBLEM	PING	9	TARGET	Dookoo	SIZE	262144	PAYLOAD	262144	ZIP	false		UPSTREAM	1515	SERVER	513	DOWNSTREAM	5	Timeline	2023-02-04 21:34:42:215
1	0	SP2	MASTER	SOLVEPROBLEM	PING	10	TARGET	Dookoo	SIZE	524288	PAYLOAD	524288	ZIP	false		UPSTREAM	1506	SERVER	561	DOWNSTREAM	4	Timeline	2023-02-04 21:34:44:249
1	0	SP2	MASTER	SOLVEPROBLEM	PING	11	TARGET	Dookoo	SIZE	512	PAYLOAD	348	ZIP	true		UPSTREAM	1529	SERVER	500	DOWNSTREAM	3	Timeline	2023-02-04 21:34:46:321
1	0	SP2	MASTER	SOLVEPROBLEM	PING	12	TARGET	Dookoo	SIZE	1024	PAYLOAD	508	ZIP	true		UPSTREAM	1078	SERVER	500	DOWNSTREAM	3	Timeline	2023-02-04 21:34:48:354
1	0	SP2	MASTER	SOLVEPROBLEM	PING	13	TARGET	Dookoo	SIZE	2048	PAYLOAD	825	ZIP	true		UPSTREAM	998	SERVER	500	DOWNSTREAM	3	Timeline	2023-02-04 21:34:49:936
1	0	SP2	MASTER	SOLVEPROBLEM	PING	14	TARGET	Dookoo	SIZE	4096	PAYLOAD	1311	ZIP	true		UPSTREAM	998	SERVER	500	DOWNSTREAM	3	Timeline	2023-02-04 21:34:51:438
1	0	SP2	MASTER	SOLVEPROBLEM	PING	15	TARGET	Dookoo	SIZE	8192	PAYLOAD	1669	ZIP	true		UPSTREAM	999	SERVER	500	DOWNSTREAM	3	Timeline	2023-02-04 21:34:52:941
1	0	SP2	MASTER	SOLVEPROBLEM	PING	16	TARGET	Dookoo	SIZE	16384	PAYLOAD	1773	ZIP	true		UPSTREAM	1004	SERVER	500	DOWNSTREAM	3	Timeline	2023-02-04 21:34:54:444
1	0	SP2	MASTER	SOLVEPROBLEM	PING	17	TARGET	Dookoo	SIZE	32768	PAYLOAD	1953	ZIP	true		UPSTREAM	1013	SERVER	501	DOWNSTREAM	3	Timeline	2023-02-04 21:34:55:953
1	0	SP2	MASTER	SOLVEPROBLEM	PING	18	TARGET	Dookoo	SIZE	65536	PAYLOAD	2289	ZIP	true		UPSTREAM	497	SERVER	502	DOWNSTREAM	3	Timeline	2023-02-04 21:34:57:471
1	0	SP2	MASTER	SOLVEPROBLEM	PING	19	TARGET	Dookoo	SIZE	131072	PAYLOAD	2950	ZIP	true		UPSTREAM	497	SERVER	505	DOWNSTREAM	3	Timeline	2023-02-04 21:34:58:475
1	0	SP2	MASTER	SOLVEPROBLEM	PING	20	TARGET	Dookoo	SIZE	262144	PAYLOAD	4216	ZIP	true		UPSTREAM	497	SERVER	515	DOWNSTREAM	3	Timeline	2023-02-04 21:34:59:482
1	0	SP2	MASTER	CLOSEPROBLEM	PING	0	TARGET	P.M. Jango Fett	SIZE	84	PAYLOAD	84	ZIP	false		UPSTREAM	-1	SERVER	2	DOWNSTREAM	3	Timeline	2023-02-04 21:35:00:501
1	0	SP2	MASTER	CHECKOUT	PING	0	TARGET	I.M. Obi-Wan	SIZE	30	PAYLOAD	30	ZIP	false		UPSTREAM	-1	SERVER	7	DOWNSTREAM	3	Timeline	2023-02-04 21:35:00:506
0	40314	SP2	MASTER	EXIT
1	0	SP3	MASTER	CHECKIN	PING	0	TARGET	I.M. Obi-Wan	SIZE	80	PAYLOAD	80	ZIP	false		UPSTREAM	8	SERVER	9	DOWNSTREAM	13	Timeline	2023-02-04 21:34:20:375
1	0	SP3	MASTER	OPENPROBLEM	PING	0	TARGET	P.M. Jango Fett	SIZE	128	PAYLOAD	128	ZIP	false		UPSTREAM	291	SERVER	2951	DOWNSTREAM	5	Timeline	2023-02-04 21:34:20:455
1	0	SP3	MASTER	SOLVEPROBLEM	PING	1	TARGET	Dookoo	SIZE	1024	PAYLOAD	1024	ZIP	false		UPSTREAM	93	SERVER	500	DOWNSTREAM	4	Timeline	2023-02-04 21:34:23:804
1	0	SP3	MASTER	SOLVEPROBLEM	PING	2	TARGET	Dookoo	SIZE	2048	PAYLOAD	2048	ZIP	false		UPSTREAM	497	SERVER	500	DOWNSTREAM	3	Timeline	2023-02-04 21:34:24:403
1	0	SP3	MASTER	SOLVEPROBLEM	PING	3	TARGET	Dookoo	SIZE	4096	PAYLOAD	4096	ZIP	false		UPSTREAM	510	SERVER	501	DOWNSTREAM	3	Timeline	2023-02-04 21:34:25:406
1	0	SP3	MASTER	SOLVEPROBLEM	PING	4	TARGET	Dookoo	SIZE	8192	PAYLOAD	8192	ZIP	false		UPSTREAM	513	SERVER	501	DOWNSTREAM	3	Timeline	2023-02-04 21:34:26:422
1	0	SP3	MASTER	SOLVEPROBLEM	PING	5	TARGET	Dookoo	SIZE	16384	PAYLOAD	16384	ZIP	false		UPSTREAM	1149	SERVER	500	DOWNSTREAM	3	Timeline	2023-02-04 21:34:27:443
1	0	SP3	MASTER	SOLVEPROBLEM	PING	6	TARGET	Dookoo	SIZE	32768	PAYLOAD	32768	ZIP	false		UPSTREAM	996	SERVER	501	DOWNSTREAM	3	Timeline	2023-02-04 21:34:29:098
1	0	SP3	MASTER	SOLVEPROBLEM	PING	7	TARGET	Dookoo	SIZE	65536	PAYLOAD	65536	ZIP	false		UPSTREAM	1494	SERVER	502	DOWNSTREAM	4	Timeline	2023-02-04 21:34:30:603
1	0	SP3	MASTER	SOLVEPROBLEM	PING	8	TARGET	Dookoo	SIZE	131072	PAYLOAD	131072	ZIP	false		UPSTREAM	1497	SERVER	505	DOWNSTREAM	4	Timeline	2023-02-04 21:34:32:605
1	0	SP3	MASTER	SOLVEPROBLEM	PING	9	TARGET	Dookoo	SIZE	262144	PAYLOAD	262144	ZIP	false		UPSTREAM	1494	SERVER	518	DOWNSTREAM	5	Timeline	2023-02-04 21:34:34:615
1	0	SP3	MASTER	SOLVEPROBLEM	PING	10	TARGET	Dookoo	SIZE	524288	PAYLOAD	524288	ZIP	false		UPSTREAM	1497	SERVER	568	DOWNSTREAM	5	Timeline	2023-02-04 21:34:36:633
1	0	SP3	MASTER	SOLVEPROBLEM	PING	11	TARGET	Dookoo	SIZE	512	PAYLOAD	345	ZIP	true		UPSTREAM	1497	SERVER	500	DOWNSTREAM	3	Timeline	2023-02-04 21:34:38:704
1	1	SP3	MASTER	SOLVEPROBLEM	PING	12	TARGET	Dookoo	SIZE	1024	PAYLOAD	656	ZIP	true		UPSTREAM	1506	SERVER	500	DOWNSTREAM	3	Timeline	2023-02-04 21:34:40:705
1	0	SP3	MASTER	SOLVEPROBLEM	PING	13	TARGET	Dookoo	SIZE	2048	PAYLOAD	976	ZIP	true		UPSTREAM	1528	SERVER	500	DOWNSTREAM	3	Timeline	2023-02-04 21:34:42:716
1	0	SP3	MASTER	SOLVEPROBLEM	PING	14	TARGET	Dookoo	SIZE	4096	PAYLOAD	1152	ZIP	true		UPSTREAM	1566	SERVER	501	DOWNSTREAM	3	Timeline	2023-02-04 21:34:44:750
1	0	SP3	MASTER	SOLVEPROBLEM	PING	15	TARGET	Dookoo	SIZE	8192	PAYLOAD	1518	ZIP	true		UPSTREAM	1529	SERVER	501	DOWNSTREAM	2	Timeline	2023-02-04 21:34:46:821
1	0	SP3	MASTER	SOLVEPROBLEM	PING	16	TARGET	Dookoo	SIZE	16384	PAYLOAD	1769	ZIP	true		UPSTREAM	1077	SERVER	501	DOWNSTREAM	3	Timeline	2023-02-04 21:34:48:855
1	0	SP3	MASTER	SOLVEPROBLEM	PING	17	TARGET	Dookoo	SIZE	32768	PAYLOAD	1948	ZIP	true		UPSTREAM	997	SERVER	501	DOWNSTREAM	3	Timeline	2023-02-04 21:34:50:437
1	0	SP3	MASTER	SOLVEPROBLEM	PING	18	TARGET	Dookoo	SIZE	65536	PAYLOAD	2289	ZIP	true		UPSTREAM	997	SERVER	503	DOWNSTREAM	3	Timeline	2023-02-04 21:34:51:939
1	0	SP3	MASTER	SOLVEPROBLEM	PING	19	TARGET	Dookoo	SIZE	131072	PAYLOAD	2952	ZIP	true		UPSTREAM	997	SERVER	507	DOWNSTREAM	3	Timeline	2023-02-04 21:34:53:443
1	0	SP3	MASTER	SOLVEPROBLEM	PING	20	TARGET	Dookoo	SIZE	262144	PAYLOAD	4202	ZIP	true		UPSTREAM	995	SERVER	517	DOWNSTREAM	3	Timeline	2023-02-04 21:34:54:953
1	1	SP3	MASTER	CLOSEPROBLEM	PING	0	TARGET	P.M. Jango Fett	SIZE	84	PAYLOAD	84	ZIP	false		UPSTREAM	-1	SERVER	2	DOWNSTREAM	3	Timeline	2023-02-04 21:34:56:472
1	0	SP3	MASTER	CHECKOUT	PING	0	TARGET	I.M. Obi-Wan	SIZE	30	PAYLOAD	30	ZIP	false		UPSTREAM	-2	SERVER	8	DOWNSTREAM	4	Timeline	2023-02-04 21:34:56:481
0	36252	SP3	MASTER	EXIT
1	0	SP0	MASTER	CHECKIN	PING	0	TARGET	I.M. Obi-Wan	SIZE	80	PAYLOAD	80	ZIP	false		UPSTREAM	46	SERVER	8	DOWNSTREAM	7	Timeline	2023-02-04 21:37:16:014
1	0	SP0	MASTER	OPENPROBLEM	PING	0	TARGET	P.M. Jango Fett	SIZE	128	PAYLOAD	128	ZIP	false		UPSTREAM	9286	SERVER	2991	DOWNSTREAM	3	Timeline	2023-02-04 21:37:16:157
1	0	SP0	MASTER	SOLVEPROBLEM	PING	1	TARGET	Dookoo	SIZE	1024	PAYLOAD	1024	ZIP	false		UPSTREAM	1644	SERVER	500	DOWNSTREAM	3	Timeline	2023-02-04 21:37:28:540
1	0	SP0	MASTER	SOLVEPROBLEM	PING	2	TARGET	Dookoo	SIZE	2048	PAYLOAD	2048	ZIP	false		UPSTREAM	2016	SERVER	501	DOWNSTREAM	3	Timeline	2023-02-04 21:37:30:688
1	0	SP0	MASTER	SOLVEPROBLEM	PING	3	TARGET	Dookoo	SIZE	4096	PAYLOAD	4096	ZIP	false		UPSTREAM	2568	SERVER	500	DOWNSTREAM	3	Timeline	2023-02-04 21:37:33:209
1	0	SP0	MASTER	SOLVEPROBLEM	PING	4	TARGET	Dookoo	SIZE	8192	PAYLOAD	8192	ZIP	false		UPSTREAM	3003	SERVER	500	DOWNSTREAM	3	Timeline	2023-02-04 21:37:36:281
1	0	SP0	MASTER	SOLVEPROBLEM	PING	5	TARGET	Dookoo	SIZE	16384	PAYLOAD	16384	ZIP	false		UPSTREAM	3504	SERVER	501	DOWNSTREAM	3	Timeline	2023-02-04 21:37:39:789
1	0	SP0	MASTER	SOLVEPROBLEM	PING	6	TARGET	Dookoo	SIZE	32768	PAYLOAD	32768	ZIP	false		UPSTREAM	3525	SERVER	500	DOWNSTREAM	3	Timeline	2023-02-04 21:37:43:798
1	0	SP0	MASTER	SOLVEPROBLEM	PING	7	TARGET	Dookoo	SIZE	65536	PAYLOAD	65536	ZIP	false		UPSTREAM	3593	SERVER	502	DOWNSTREAM	3	Timeline	2023-02-04 21:37:47:827
1	0	SP0	MASTER	SOLVEPROBLEM	PING	8	TARGET	Dookoo	SIZE	131072	PAYLOAD	131072	ZIP	false		UPSTREAM	3541	SERVER	511	DOWNSTREAM	3	Timeline	2023-02-04 21:37:51:925
1	0	SP0	MASTER	SOLVEPROBLEM	PING	9	TARGET	Dookoo	SIZE	262144	PAYLOAD	262144	ZIP	false		UPSTREAM	3068	SERVER	518	DOWNSTREAM	3	Timeline	2023-02-04 21:37:55:981
1	0	SP0	MASTER	SOLVEPROBLEM	PING	10	TARGET	Dookoo	SIZE	524288	PAYLOAD	524288	ZIP	false		UPSTREAM	3006	SERVER	561	DOWNSTREAM	5	Timeline	2023-02-04 21:37:59:571
1	0	SP0	MASTER	SOLVEPROBLEM	PING	11	TARGET	Dookoo	SIZE	512	PAYLOAD	347	ZIP	true		UPSTREAM	3025	SERVER	500	DOWNSTREAM	3	Timeline	2023-02-04 21:38:03:143
1	0	SP0	MASTER	SOLVEPROBLEM	PING	12	TARGET	Dookoo	SIZE	1024	PAYLOAD	655	ZIP	true		UPSTREAM	3090	SERVER	501	DOWNSTREAM	2	Timeline	2023-02-04 21:38:06:671
1	0	SP0	MASTER	SOLVEPROBLEM	PING	13	TARGET	Dookoo	SIZE	2048	PAYLOAD	824	ZIP	true		UPSTREAM	3092	SERVER	501	DOWNSTREAM	2	Timeline	2023-02-04 21:38:10:265
1	0	SP0	MASTER	SOLVEPROBLEM	PING	14	TARGET	Dookoo	SIZE	4096	PAYLOAD	1157	ZIP	true		UPSTREAM	2559	SERVER	501	DOWNSTREAM	2	Timeline	2023-02-04 21:38:13:861
1	0	SP0	MASTER	SOLVEPROBLEM	PING	15	TARGET	Dookoo	SIZE	8192	PAYLOAD	1670	ZIP	true		UPSTREAM	2500	SERVER	501	DOWNSTREAM	2	Timeline	2023-02-04 21:38:16:925
1	0	SP0	MASTER	SOLVEPROBLEM	PING	16	TARGET	Dookoo	SIZE	16384	PAYLOAD	1765	ZIP	true		UPSTREAM	2504	SERVER	501	DOWNSTREAM	3	Timeline	2023-02-04 21:38:19:929
1	0	SP0	MASTER	SOLVEPROBLEM	PING	17	TARGET	Dookoo	SIZE	32768	PAYLOAD	1947	ZIP	true		UPSTREAM	2524	SERVER	501	DOWNSTREAM	3	Timeline	2023-02-04 21:38:22:938
1	0	SP0	MASTER	SOLVEPROBLEM	PING	18	TARGET	Dookoo	SIZE	65536	PAYLOAD	2293	ZIP	true		UPSTREAM	2003	SERVER	501	DOWNSTREAM	3	Timeline	2023-02-04 21:38:25:968
1	0	SP0	MASTER	SOLVEPROBLEM	PING	19	TARGET	Dookoo	SIZE	131072	PAYLOAD	2945	ZIP	true		UPSTREAM	2022	SERVER	506	DOWNSTREAM	3	Timeline	2023-02-04 21:38:28:476
1	0	SP0	MASTER	SOLVEPROBLEM	PING	20	TARGET	Dookoo	SIZE	262144	PAYLOAD	4209	ZIP	true		UPSTREAM	1499	SERVER	521	DOWNSTREAM	3	Timeline	2023-02-04 21:38:31:010
1	0	SP0	MASTER	CLOSEPROBLEM	PING	0	TARGET	P.M. Jango Fett	SIZE	84	PAYLOAD	84	ZIP	false		UPSTREAM	-2	SERVER	2	DOWNSTREAM	3	Timeline	2023-02-04 21:38:33:037
1	0	SP0	MASTER	CHECKOUT	PING	0	TARGET	I.M. Obi-Wan	SIZE	30	PAYLOAD	30	ZIP	false		UPSTREAM	-1	SERVER	6	DOWNSTREAM	3	Timeline	2023-02-04 21:38:33:041
0	77324	SP0	MASTER	EXIT
1	0	SP1	MASTER	CHECKIN	PING	0	TARGET	I.M. Obi-Wan	SIZE	80	PAYLOAD	80	ZIP	false		UPSTREAM	37	SERVER	7	DOWNSTREAM	11	Timeline	2023-02-04 21:37:16:013
1	0	SP1	MASTER	OPENPROBLEM	PING	0	TARGET	P.M. Jango Fett	SIZE	128	PAYLOAD	128	ZIP	false		UPSTREAM	3231	SERVER	3032	DOWNSTREAM	4	Timeline	2023-02-04 21:37:16:140
1	0	SP1	MASTER	SOLVEPROBLEM	PING	1	TARGET	Dookoo	SIZE	1024	PAYLOAD	1024	ZIP	false		UPSTREAM	590	SERVER	501	DOWNSTREAM	3	Timeline	2023-02-04 21:37:22:510
1	0	SP1	MASTER	SOLVEPROBLEM	PING	2	TARGET	Dookoo	SIZE	2048	PAYLOAD	2048	ZIP	false		UPSTREAM	1066	SERVER	501	DOWNSTREAM	3	Timeline	2023-02-04 21:37:23:607
1	0	SP1	MASTER	SOLVEPROBLEM	PING	3	TARGET	Dookoo	SIZE	4096	PAYLOAD	4096	ZIP	false		UPSTREAM	997	SERVER	500	DOWNSTREAM	3	Timeline	2023-02-04 21:37:25:178
1	0	SP1	MASTER	SOLVEPROBLEM	PING	4	TARGET	Dookoo	SIZE	8192	PAYLOAD	8192	ZIP	false		UPSTREAM	1498	SERVER	501	DOWNSTREAM	2	Timeline	2023-02-04 21:37:26:680
1	0	SP1	MASTER	SOLVEPROBLEM	PING	5	TARGET	Dookoo	SIZE	16384	PAYLOAD	16384	ZIP	false		UPSTREAM	2001	SERVER	501	DOWNSTREAM	3	Timeline	2023-02-04 21:37:28:683
1	0	SP1	MASTER	SOLVEPROBLEM	PING	6	TARGET	Dookoo	SIZE	32768	PAYLOAD	32768	ZIP	false		UPSTREAM	2017	SERVER	500	DOWNSTREAM	3	Timeline	2023-02-04 21:37:31:188
1	0	SP1	MASTER	SOLVEPROBLEM	PING	7	TARGET	Dookoo	SIZE	65536	PAYLOAD	65536	ZIP	false		UPSTREAM	2567	SERVER	501	DOWNSTREAM	3	Timeline	2023-02-04 21:37:33:710
1	0	SP1	MASTER	SOLVEPROBLEM	PING	8	TARGET	Dookoo	SIZE	131072	PAYLOAD	131072	ZIP	false		UPSTREAM	3003	SERVER	504	DOWNSTREAM	3	Timeline	2023-02-04 21:37:36:782
1	0	SP1	MASTER	SOLVEPROBLEM	PING	9	TARGET	Dookoo	SIZE	262144	PAYLOAD	262144	ZIP	false		UPSTREAM	3501	SERVER	521	DOWNSTREAM	42	Timeline	2023-02-04 21:37:40:293
1	1	SP1	MASTER	SOLVEPROBLEM	PING	10	TARGET	Dookoo	SIZE	524288	PAYLOAD	524288	ZIP	false		UPSTREAM	3464	SERVER	585	DOWNSTREAM	4	Timeline	2023-02-04 21:37:44:359
1	0	SP1	MASTER	SOLVEPROBLEM	PING	11	TARGET	Dookoo	SIZE	512	PAYLOAD	348	ZIP	true		UPSTREAM	3509	SERVER	500	DOWNSTREAM	3	Timeline	2023-02-04 21:37:48:413
1	0	SP1	MASTER	SOLVEPROBLEM	PING	12	TARGET	Dookoo	SIZE	1024	PAYLOAD	506	ZIP	true		UPSTREAM	3551	SERVER	501	DOWNSTREAM	2	Timeline	2023-02-04 21:37:52:426
1	0	SP1	MASTER	SOLVEPROBLEM	PING	13	TARGET	Dookoo	SIZE	2048	PAYLOAD	1133	ZIP	true		UPSTREAM	3087	SERVER	500	DOWNSTREAM	3	Timeline	2023-02-04 21:37:56:481
1	0	SP1	MASTER	SOLVEPROBLEM	PING	14	TARGET	Dookoo	SIZE	4096	PAYLOAD	1158	ZIP	true		UPSTREAM	3066	SERVER	501	DOWNSTREAM	3	Timeline	2023-02-04 21:38:00:072
1	0	SP1	MASTER	SOLVEPROBLEM	PING	15	TARGET	Dookoo	SIZE	8192	PAYLOAD	1512	ZIP	true		UPSTREAM	3025	SERVER	501	DOWNSTREAM	2	Timeline	2023-02-04 21:38:03:643
1	0	SP1	MASTER	SOLVEPROBLEM	PING	16	TARGET	Dookoo	SIZE	16384	PAYLOAD	1767	ZIP	true		UPSTREAM	3089	SERVER	500	DOWNSTREAM	3	Timeline	2023-02-04 21:38:07:173
1	0	SP1	MASTER	SOLVEPROBLEM	PING	17	TARGET	Dookoo	SIZE	32768	PAYLOAD	1950	ZIP	true		UPSTREAM	3092	SERVER	501	DOWNSTREAM	2	Timeline	2023-02-04 21:38:10:766
1	0	SP1	MASTER	SOLVEPROBLEM	PING	18	TARGET	Dookoo	SIZE	65536	PAYLOAD	2292	ZIP	true		UPSTREAM	2558	SERVER	501	DOWNSTREAM	3	Timeline	2023-02-04 21:38:14:363
1	0	SP1	MASTER	SOLVEPROBLEM	PING	19	TARGET	Dookoo	SIZE	131072	PAYLOAD	2943	ZIP	true		UPSTREAM	2499	SERVER	504	DOWNSTREAM	3	Timeline	2023-02-04 21:38:17:427
1	0	SP1	MASTER	SOLVEPROBLEM	PING	20	TARGET	Dookoo	SIZE	262144	PAYLOAD	4207	ZIP	true		UPSTREAM	2499	SERVER	524	DOWNSTREAM	3	Timeline	2023-02-04 21:38:20:435
1	0	SP1	MASTER	CLOSEPROBLEM	PING	0	TARGET	P.M. Jango Fett	SIZE	84	PAYLOAD	84	ZIP	false		UPSTREAM	-1	SERVER	2	DOWNSTREAM	3	Timeline	2023-02-04 21:38:23:467
1	0	SP1	MASTER	CHECKOUT	PING	0	TARGET	I.M. Obi-Wan	SIZE	30	PAYLOAD	30	ZIP	false		UPSTREAM	0	SERVER	7	DOWNSTREAM	3	Timeline	2023-02-04 21:38:23:472
0	67733	SP1	MASTER	EXIT
1	0	SP2	MASTER	CHECKIN	PING	0	TARGET	I.M. Obi-Wan	SIZE	80	PAYLOAD	80	ZIP	false		UPSTREAM	51	SERVER	6	DOWNSTREAM	56	Timeline	2023-02-04 21:37:16:021
1	0	SP2	MASTER	OPENPROBLEM	PING	0	TARGET	P.M. Jango Fett	SIZE	128	PAYLOAD	128	ZIP	false		UPSTREAM	6251	SERVER	3036	DOWNSTREAM	2	Timeline	2023-02-04 21:37:16:155
1	0	SP2	MASTER	SOLVEPROBLEM	PING	1	TARGET	Dookoo	SIZE	1024	PAYLOAD	1024	ZIP	false		UPSTREAM	1130	SERVER	500	DOWNSTREAM	3	Timeline	2023-02-04 21:37:25:546
1	0	SP2	MASTER	SOLVEPROBLEM	PING	2	TARGET	Dookoo	SIZE	2048	PAYLOAD	2048	ZIP	false		UPSTREAM	1499	SERVER	500	DOWNSTREAM	3	Timeline	2023-02-04 21:37:27:180
1	0	SP2	MASTER	SOLVEPROBLEM	PING	3	TARGET	Dookoo	SIZE	4096	PAYLOAD	4096	ZIP	false		UPSTREAM	2002	SERVER	500	DOWNSTREAM	3	Timeline	2023-02-04 21:37:29:183
1	0	SP2	MASTER	SOLVEPROBLEM	PING	4	TARGET	Dookoo	SIZE	8192	PAYLOAD	8192	ZIP	false		UPSTREAM	2517	SERVER	501	DOWNSTREAM	3	Timeline	2023-02-04 21:37:31:689
1	0	SP2	MASTER	SOLVEPROBLEM	PING	5	TARGET	Dookoo	SIZE	16384	PAYLOAD	16384	ZIP	false		UPSTREAM	3070	SERVER	500	DOWNSTREAM	3	Timeline	2023-02-04 21:37:34:712
1	0	SP2	MASTER	SOLVEPROBLEM	PING	6	TARGET	Dookoo	SIZE	32768	PAYLOAD	32768	ZIP	false		UPSTREAM	3503	SERVER	501	DOWNSTREAM	3	Timeline	2023-02-04 21:37:38:287
1	0	SP2	MASTER	SOLVEPROBLEM	PING	7	TARGET	Dookoo	SIZE	65536	PAYLOAD	65536	ZIP	false		UPSTREAM	3522	SERVER	502	DOWNSTREAM	3	Timeline	2023-02-04 21:37:42:295
1	0	SP2	MASTER	SOLVEPROBLEM	PING	8	TARGET	Dookoo	SIZE	131072	PAYLOAD	131072	ZIP	false		UPSTREAM	3586	SERVER	504	DOWNSTREAM	3	Timeline	2023-02-04 21:37:46:324
1	0	SP2	MASTER	SOLVEPROBLEM	PING	9	TARGET	Dookoo	SIZE	262144	PAYLOAD	262144	ZIP	false		UPSTREAM	3506	SERVER	517	DOWNSTREAM	3	Timeline	2023-02-04 21:37:50:418
1	0	SP2	MASTER	SOLVEPROBLEM	PING	10	TARGET	Dookoo	SIZE	524288	PAYLOAD	524288	ZIP	false		UPSTREAM	3536	SERVER	567	DOWNSTREAM	3	Timeline	2023-02-04 21:37:54:445
1	0	SP2	MASTER	SOLVEPROBLEM	PING	11	TARGET	Dookoo	SIZE	512	PAYLOAD	348	ZIP	true		UPSTREAM	3023	SERVER	501	DOWNSTREAM	2	Timeline	2023-02-04 21:37:58:552
1	0	SP2	MASTER	SOLVEPROBLEM	PING	12	TARGET	Dookoo	SIZE	1024	PAYLOAD	657	ZIP	true		UPSTREAM	3086	SERVER	501	DOWNSTREAM	2	Timeline	2023-02-04 21:38:02:079
1	0	SP2	MASTER	SOLVEPROBLEM	PING	13	TARGET	Dookoo	SIZE	2048	PAYLOAD	822	ZIP	true		UPSTREAM	3086	SERVER	501	DOWNSTREAM	3	Timeline	2023-02-04 21:38:05:669
1	0	SP2	MASTER	SOLVEPROBLEM	PING	14	TARGET	Dookoo	SIZE	4096	PAYLOAD	1311	ZIP	true		UPSTREAM	3079	SERVER	500	DOWNSTREAM	3	Timeline	2023-02-04 21:38:09:259
1	0	SP2	MASTER	SOLVEPROBLEM	PING	15	TARGET	Dookoo	SIZE	8192	PAYLOAD	1515	ZIP	true		UPSTREAM	3077	SERVER	500	DOWNSTREAM	3	Timeline	2023-02-04 21:38:12:843
1	0	SP2	MASTER	SOLVEPROBLEM	PING	16	TARGET	Dookoo	SIZE	16384	PAYLOAD	1765	ZIP	true		UPSTREAM	2500	SERVER	501	DOWNSTREAM	3	Timeline	2023-02-04 21:38:16:424
1	0	SP2	MASTER	SOLVEPROBLEM	PING	17	TARGET	Dookoo	SIZE	32768	PAYLOAD	1948	ZIP	true		UPSTREAM	2503	SERVER	501	DOWNSTREAM	3	Timeline	2023-02-04 21:38:19:429
1	0	SP2	MASTER	SOLVEPROBLEM	PING	18	TARGET	Dookoo	SIZE	65536	PAYLOAD	2291	ZIP	true		UPSTREAM	2523	SERVER	502	DOWNSTREAM	3	Timeline	2023-02-04 21:38:22:437
1	0	SP2	MASTER	SOLVEPROBLEM	PING	19	TARGET	Dookoo	SIZE	131072	PAYLOAD	2947	ZIP	true		UPSTREAM	1998	SERVER	505	DOWNSTREAM	2	Timeline	2023-02-04 21:38:25:468
1	0	SP2	MASTER	SOLVEPROBLEM	PING	20	TARGET	Dookoo	SIZE	262144	PAYLOAD	4214	ZIP	true		UPSTREAM	1999	SERVER	523	DOWNSTREAM	3	Timeline	2023-02-04 21:38:27:976
1	0	SP2	MASTER	CLOSEPROBLEM	PING	0	TARGET	P.M. Jango Fett	SIZE	84	PAYLOAD	84	ZIP	false		UPSTREAM	-1	SERVER	1	DOWNSTREAM	3	Timeline	2023-02-04 21:38:30:507
1	0	SP2	MASTER	CHECKOUT	PING	0	TARGET	I.M. Obi-Wan	SIZE	30	PAYLOAD	30	ZIP	false		UPSTREAM	0	SERVER	6	DOWNSTREAM	3	Timeline	2023-02-04 21:38:30:510
0	74709	SP2	MASTER	EXIT
1	0	SP3	MASTER	CHECKIN	PING	0	TARGET	I.M. Obi-Wan	SIZE	80	PAYLOAD	80	ZIP	false		UPSTREAM	14	SERVER	8	DOWNSTREAM	24	Timeline	2023-02-04 21:37:16:017
1	0	SP3	MASTER	OPENPROBLEM	PING	0	TARGET	P.M. Jango Fett	SIZE	128	PAYLOAD	128	ZIP	false		UPSTREAM	293	SERVER	2928	DOWNSTREAM	3	Timeline	2023-02-04 21:37:16:148
1	0	SP3	MASTER	SOLVEPROBLEM	PING	1	TARGET	Dookoo	SIZE	1024	PAYLOAD	1024	ZIP	false		UPSTREAM	100	SERVER	501	DOWNSTREAM	3	Timeline	2023-02-04 21:37:19:477
1	0	SP3	MASTER	SOLVEPROBLEM	PING	2	TARGET	Dookoo	SIZE	2048	PAYLOAD	2048	ZIP	false		UPSTREAM	497	SERVER	500	DOWNSTREAM	3	Timeline	2023-02-04 21:37:20:083
1	0	SP3	MASTER	SOLVEPROBLEM	PING	3	TARGET	Dookoo	SIZE	4096	PAYLOAD	4096	ZIP	false		UPSTREAM	499	SERVER	500	DOWNSTREAM	4	Timeline	2023-02-04 21:37:21:085
1	1	SP3	MASTER	SOLVEPROBLEM	PING	4	TARGET	Dookoo	SIZE	8192	PAYLOAD	8192	ZIP	false		UPSTREAM	509	SERVER	501	DOWNSTREAM	3	Timeline	2023-02-04 21:37:22:090
1	0	SP3	MASTER	SOLVEPROBLEM	PING	5	TARGET	Dookoo	SIZE	16384	PAYLOAD	16384	ZIP	false		UPSTREAM	1068	SERVER	500	DOWNSTREAM	3	Timeline	2023-02-04 21:37:23:105
1	0	SP3	MASTER	SOLVEPROBLEM	PING	6	TARGET	Dookoo	SIZE	32768	PAYLOAD	32768	ZIP	false		UPSTREAM	996	SERVER	501	DOWNSTREAM	3	Timeline	2023-02-04 21:37:24:678
1	0	SP3	MASTER	SOLVEPROBLEM	PING	7	TARGET	Dookoo	SIZE	65536	PAYLOAD	65536	ZIP	false		UPSTREAM	1498	SERVER	501	DOWNSTREAM	3	Timeline	2023-02-04 21:37:26:179
1	0	SP3	MASTER	SOLVEPROBLEM	PING	8	TARGET	Dookoo	SIZE	131072	PAYLOAD	131072	ZIP	false		UPSTREAM	1497	SERVER	504	DOWNSTREAM	3	Timeline	2023-02-04 21:37:28:183
1	0	SP3	MASTER	SOLVEPROBLEM	PING	9	TARGET	Dookoo	SIZE	262144	PAYLOAD	262144	ZIP	false		UPSTREAM	1997	SERVER	518	DOWNSTREAM	4	Timeline	2023-02-04 21:37:30:189
1	0	SP3	MASTER	SOLVEPROBLEM	PING	10	TARGET	Dookoo	SIZE	524288	PAYLOAD	524288	ZIP	false		UPSTREAM	2497	SERVER	569	DOWNSTREAM	6	Timeline	2023-02-04 21:37:32:710
1	0	SP3	MASTER	SOLVEPROBLEM	PING	11	TARGET	Dookoo	SIZE	512	PAYLOAD	348	ZIP	true		UPSTREAM	2999	SERVER	501	DOWNSTREAM	3	Timeline	2023-02-04 21:37:35:784
1	0	SP3	MASTER	SOLVEPROBLEM	PING	12	TARGET	Dookoo	SIZE	1024	PAYLOAD	506	ZIP	true		UPSTREAM	3504	SERVER	501	DOWNSTREAM	3	Timeline	2023-02-04 21:37:39:288
1	0	SP3	MASTER	SOLVEPROBLEM	PING	13	TARGET	Dookoo	SIZE	2048	PAYLOAD	977	ZIP	true		UPSTREAM	3525	SERVER	500	DOWNSTREAM	3	Timeline	2023-02-04 21:37:43:297
1	1	SP3	MASTER	SOLVEPROBLEM	PING	14	TARGET	Dookoo	SIZE	4096	PAYLOAD	1158	ZIP	true		UPSTREAM	3593	SERVER	501	DOWNSTREAM	3	Timeline	2023-02-04 21:37:47:326
1	0	SP3	MASTER	SOLVEPROBLEM	PING	15	TARGET	Dookoo	SIZE	8192	PAYLOAD	1679	ZIP	true		UPSTREAM	3540	SERVER	501	DOWNSTREAM	3	Timeline	2023-02-04 21:37:51:425
1	0	SP3	MASTER	SOLVEPROBLEM	PING	16	TARGET	Dookoo	SIZE	16384	PAYLOAD	1766	ZIP	true		UPSTREAM	3078	SERVER	501	DOWNSTREAM	2	Timeline	2023-02-04 21:37:55:470
1	0	SP3	MASTER	SOLVEPROBLEM	PING	17	TARGET	Dookoo	SIZE	32768	PAYLOAD	1952	ZIP	true		UPSTREAM	3023	SERVER	500	DOWNSTREAM	3	Timeline	2023-02-04 21:37:59:053
1	0	SP3	MASTER	SOLVEPROBLEM	PING	18	TARGET	Dookoo	SIZE	65536	PAYLOAD	2289	ZIP	true		UPSTREAM	3085	SERVER	501	DOWNSTREAM	3	Timeline	2023-02-04 21:38:02:581
1	0	SP3	MASTER	SOLVEPROBLEM	PING	19	TARGET	Dookoo	SIZE	131072	PAYLOAD	2949	ZIP	true		UPSTREAM	3084	SERVER	505	DOWNSTREAM	3	Timeline	2023-02-04 21:38:06:172
1	0	SP3	MASTER	SOLVEPROBLEM	PING	20	TARGET	Dookoo	SIZE	262144	PAYLOAD	4208	ZIP	true		UPSTREAM	3071	SERVER	519	DOWNSTREAM	3	Timeline	2023-02-04 21:38:09:767
1	0	SP3	MASTER	CLOSEPROBLEM	PING	0	TARGET	P.M. Jango Fett	SIZE	84	PAYLOAD	84	ZIP	false		UPSTREAM	-1	SERVER	1	DOWNSTREAM	3	Timeline	2023-02-04 21:38:13:363
1	0	SP3	MASTER	CHECKOUT	PING	0	TARGET	I.M. Obi-Wan	SIZE	30	PAYLOAD	30	ZIP	false		UPSTREAM	0	SERVER	6	DOWNSTREAM	3	Timeline	2023-02-04 21:38:13:366
0	57519	SP3	MASTER	EXIT
1	0	SP4	MASTER	CHECKIN	PING	0	TARGET	I.M. Obi-Wan	SIZE	80	PAYLOAD	80	ZIP	false		UPSTREAM	28	SERVER	11	DOWNSTREAM	52	Timeline	2023-02-04 21:37:16:053
1	0	SP4	MASTER	OPENPROBLEM	PING	0	TARGET	P.M. Jango Fett	SIZE	128	PAYLOAD	128	ZIP	false		UPSTREAM	12250	SERVER	3032	DOWNSTREAM	5	Timeline	2023-02-04 21:37:16:186
1	0	SP4	MASTER	SOLVEPROBLEM	PING	1	TARGET	Dookoo	SIZE	1024	PAYLOAD	1024	ZIP	false		UPSTREAM	2135	SERVER	500	DOWNSTREAM	3	Timeline	2023-02-04 21:37:31:571
1	0	SP4	MASTER	SOLVEPROBLEM	PING	2	TARGET	Dookoo	SIZE	2048	PAYLOAD	2048	ZIP	false		UPSTREAM	2569	SERVER	500	DOWNSTREAM	3	Timeline	2023-02-04 21:37:34:210
1	0	SP4	MASTER	SOLVEPROBLEM	PING	3	TARGET	Dookoo	SIZE	4096	PAYLOAD	4096	ZIP	false		UPSTREAM	3007	SERVER	500	DOWNSTREAM	3	Timeline	2023-02-04 21:37:37:282
1	0	SP4	MASTER	SOLVEPROBLEM	PING	4	TARGET	Dookoo	SIZE	8192	PAYLOAD	8192	ZIP	false		UPSTREAM	3523	SERVER	500	DOWNSTREAM	3	Timeline	2023-02-04 21:37:40:793
1	0	SP4	MASTER	SOLVEPROBLEM	PING	5	TARGET	Dookoo	SIZE	16384	PAYLOAD	16384	ZIP	false		UPSTREAM	3588	SERVER	501	DOWNSTREAM	2	Timeline	2023-02-04 21:37:44:820
1	0	SP4	MASTER	SOLVEPROBLEM	PING	6	TARGET	Dookoo	SIZE	32768	PAYLOAD	32768	ZIP	false		UPSTREAM	3510	SERVER	500	DOWNSTREAM	3	Timeline	2023-02-04 21:37:48:913
1	1	SP4	MASTER	SOLVEPROBLEM	PING	7	TARGET	Dookoo	SIZE	65536	PAYLOAD	65536	ZIP	false		UPSTREAM	3551	SERVER	501	DOWNSTREAM	3	Timeline	2023-02-04 21:37:52:927
1	0	SP4	MASTER	SOLVEPROBLEM	PING	8	TARGET	Dookoo	SIZE	131072	PAYLOAD	131072	ZIP	false		UPSTREAM	3085	SERVER	505	DOWNSTREAM	2	Timeline	2023-02-04 21:37:56:983
1	0	SP4	MASTER	SOLVEPROBLEM	PING	9	TARGET	Dookoo	SIZE	262144	PAYLOAD	262144	ZIP	false		UPSTREAM	3063	SERVER	519	DOWNSTREAM	3	Timeline	2023-02-04 21:38:00:576
1	0	SP4	MASTER	SOLVEPROBLEM	PING	10	TARGET	Dookoo	SIZE	524288	PAYLOAD	524288	ZIP	false		UPSTREAM	3007	SERVER	565	DOWNSTREAM	6	Timeline	2023-02-04 21:38:04:162
1	0	SP4	MASTER	SOLVEPROBLEM	PING	11	TARGET	Dookoo	SIZE	512	PAYLOAD	350	ZIP	true		UPSTREAM	3021	SERVER	501	DOWNSTREAM	3	Timeline	2023-02-04 21:38:07:741
1	0	SP4	MASTER	SOLVEPROBLEM	PING	12	TARGET	Dookoo	SIZE	1024	PAYLOAD	658	ZIP	true		UPSTREAM	3092	SERVER	500	DOWNSTREAM	3	Timeline	2023-02-04 21:38:11:267
1	0	SP4	MASTER	SOLVEPROBLEM	PING	13	TARGET	Dookoo	SIZE	2048	PAYLOAD	1129	ZIP	true		UPSTREAM	2560	SERVER	500	DOWNSTREAM	3	Timeline	2023-02-04 21:38:14:863
1	0	SP4	MASTER	SOLVEPROBLEM	PING	14	TARGET	Dookoo	SIZE	4096	PAYLOAD	1315	ZIP	true		UPSTREAM	2505	SERVER	500	DOWNSTREAM	3	Timeline	2023-02-04 21:38:17:926
1	0	SP4	MASTER	SOLVEPROBLEM	PING	15	TARGET	Dookoo	SIZE	8192	PAYLOAD	1516	ZIP	true		UPSTREAM	2525	SERVER	500	DOWNSTREAM	3	Timeline	2023-02-04 21:38:20:934
1	0	SP4	MASTER	SOLVEPROBLEM	PING	16	TARGET	Dookoo	SIZE	16384	PAYLOAD	1769	ZIP	true		UPSTREAM	2002	SERVER	500	DOWNSTREAM	3	Timeline	2023-02-04 21:38:23:962
1	0	SP4	MASTER	SOLVEPROBLEM	PING	17	TARGET	Dookoo	SIZE	32768	PAYLOAD	1947	ZIP	true		UPSTREAM	2005	SERVER	500	DOWNSTREAM	3	Timeline	2023-02-04 21:38:26:468
1	0	SP4	MASTER	SOLVEPROBLEM	PING	18	TARGET	Dookoo	SIZE	65536	PAYLOAD	2292	ZIP	true		UPSTREAM	2027	SERVER	503	DOWNSTREAM	2	Timeline	2023-02-04 21:38:28:977
1	0	SP4	MASTER	SOLVEPROBLEM	PING	19	TARGET	Dookoo	SIZE	131072	PAYLOAD	2945	ZIP	true		UPSTREAM	1519	SERVER	505	DOWNSTREAM	3	Timeline	2023-02-04 21:38:31:511
1	0	SP4	MASTER	SOLVEPROBLEM	PING	20	TARGET	Dookoo	SIZE	262144	PAYLOAD	4205	ZIP	true		UPSTREAM	997	SERVER	515	DOWNSTREAM	3	Timeline	2023-02-04 21:38:33:542
1	0	SP4	MASTER	CLOSEPROBLEM	PING	0	TARGET	P.M. Jango Fett	SIZE	84	PAYLOAD	84	ZIP	false		UPSTREAM	-2	SERVER	2	DOWNSTREAM	3	Timeline	2023-02-04 21:38:35:063
1	0	SP4	MASTER	CHECKOUT	PING	0	TARGET	I.M. Obi-Wan	SIZE	30	PAYLOAD	30	ZIP	false		UPSTREAM	-2	SERVER	7	DOWNSTREAM	3	Timeline	2023-02-04 21:38:35:071
0	79178	SP4	MASTER	EXIT
1	0	SP5	MASTER	CHECKIN	PING	0	TARGET	I.M. Obi-Wan	SIZE	80	PAYLOAD	80	ZIP	false		UPSTREAM	38	SERVER	6	DOWNSTREAM	28	Timeline	2023-02-04 21:37:16:056
1	0	SP5	MASTER	OPENPROBLEM	PING	0	TARGET	P.M. Jango Fett	SIZE	128	PAYLOAD	128	ZIP	false		UPSTREAM	17	SERVER	282	DOWNSTREAM	4	Timeline	2023-02-04 21:37:16:140
1	1	SP5	MASTER	SOLVEPROBLEM	PING	1	TARGET	Dookoo	SIZE	1024	PAYLOAD	1024	ZIP	false		UPSTREAM	3	SERVER	500	DOWNSTREAM	4	Timeline	2023-02-04 21:37:16:550
1	0	SP5	MASTER	SOLVEPROBLEM	PING	2	TARGET	Dookoo	SIZE	2048	PAYLOAD	2048	ZIP	false		UPSTREAM	-1	SERVER	500	DOWNSTREAM	3	Timeline	2023-02-04 21:37:17:060
1	0	SP5	MASTER	SOLVEPROBLEM	PING	3	TARGET	Dookoo	SIZE	4096	PAYLOAD	4096	ZIP	false		UPSTREAM	-1	SERVER	500	DOWNSTREAM	3	Timeline	2023-02-04 21:37:17:565
1	1	SP5	MASTER	SOLVEPROBLEM	PING	4	TARGET	Dookoo	SIZE	8192	PAYLOAD	8192	ZIP	false		UPSTREAM	-2	SERVER	501	DOWNSTREAM	3	Timeline	2023-02-04 21:37:18:070
1	0	SP5	MASTER	SOLVEPROBLEM	PING	5	TARGET	Dookoo	SIZE	16384	PAYLOAD	16384	ZIP	false		UPSTREAM	-1	SERVER	500	DOWNSTREAM	3	Timeline	2023-02-04 21:37:18:574
1	0	SP5	MASTER	SOLVEPROBLEM	PING	6	TARGET	Dookoo	SIZE	32768	PAYLOAD	32768	ZIP	false		UPSTREAM	-1	SERVER	500	DOWNSTREAM	4	Timeline	2023-02-04 21:37:19:078
1	0	SP5	MASTER	SOLVEPROBLEM	PING	7	TARGET	Dookoo	SIZE	65536	PAYLOAD	65536	ZIP	false		UPSTREAM	495	SERVER	501	DOWNSTREAM	4	Timeline	2023-02-04 21:37:19:583
1	0	SP5	MASTER	SOLVEPROBLEM	PING	8	TARGET	Dookoo	SIZE	131072	PAYLOAD	131072	ZIP	false		UPSTREAM	496	SERVER	504	DOWNSTREAM	3	Timeline	2023-02-04 21:37:20:584
1	0	SP5	MASTER	SOLVEPROBLEM	PING	9	TARGET	Dookoo	SIZE	262144	PAYLOAD	262144	ZIP	false		UPSTREAM	495	SERVER	514	DOWNSTREAM	5	Timeline	2023-02-04 21:37:21:590
1	0	SP5	MASTER	SOLVEPROBLEM	PING	10	TARGET	Dookoo	SIZE	524288	PAYLOAD	524288	ZIP	false		UPSTREAM	995	SERVER	571	DOWNSTREAM	7	Timeline	2023-02-04 21:37:22:606
1	0	SP5	MASTER	SOLVEPROBLEM	PING	11	TARGET	Dookoo	SIZE	512	PAYLOAD	348	ZIP	true		UPSTREAM	994	SERVER	500	DOWNSTREAM	3	Timeline	2023-02-04 21:37:24:180
1	0	SP5	MASTER	SOLVEPROBLEM	PING	12	TARGET	Dookoo	SIZE	1024	PAYLOAD	508	ZIP	true		UPSTREAM	1496	SERVER	500	DOWNSTREAM	4	Timeline	2023-02-04 21:37:25:680
1	0	SP5	MASTER	SOLVEPROBLEM	PING	13	TARGET	Dookoo	SIZE	2048	PAYLOAD	976	ZIP	true		UPSTREAM	1497	SERVER	501	DOWNSTREAM	3	Timeline	2023-02-04 21:37:27:682
1	0	SP5	MASTER	SOLVEPROBLEM	PING	14	TARGET	Dookoo	SIZE	4096	PAYLOAD	1625	ZIP	true		UPSTREAM	2000	SERVER	501	DOWNSTREAM	3	Timeline	2023-02-04 21:37:29:685
1	0	SP5	MASTER	SOLVEPROBLEM	PING	15	TARGET	Dookoo	SIZE	8192	PAYLOAD	1672	ZIP	true		UPSTREAM	2512	SERVER	500	DOWNSTREAM	3	Timeline	2023-02-04 21:37:32:195
1	0	SP5	MASTER	SOLVEPROBLEM	PING	16	TARGET	Dookoo	SIZE	16384	PAYLOAD	1768	ZIP	true		UPSTREAM	3071	SERVER	500	DOWNSTREAM	3	Timeline	2023-02-04 21:37:35:212
1	0	SP5	MASTER	SOLVEPROBLEM	PING	17	TARGET	Dookoo	SIZE	32768	PAYLOAD	1955	ZIP	true		UPSTREAM	3503	SERVER	501	DOWNSTREAM	3	Timeline	2023-02-04 21:37:38:788
1	0	SP5	MASTER	SOLVEPROBLEM	PING	18	TARGET	Dookoo	SIZE	65536	PAYLOAD	2288	ZIP	true		UPSTREAM	3522	SERVER	503	DOWNSTREAM	3	Timeline	2023-02-04 21:37:42:797
1	0	SP5	MASTER	SOLVEPROBLEM	PING	19	TARGET	Dookoo	SIZE	131072	PAYLOAD	2942	ZIP	true		UPSTREAM	3587	SERVER	505	DOWNSTREAM	3	Timeline	2023-02-04 21:37:46:827
1	0	SP5	MASTER	SOLVEPROBLEM	PING	20	TARGET	Dookoo	SIZE	262144	PAYLOAD	4211	ZIP	true		UPSTREAM	3516	SERVER	524	DOWNSTREAM	3	Timeline	2023-02-04 21:37:50:925
1	3	SP5	MASTER	CLOSEPROBLEM	PING	0	TARGET	P.M. Jango Fett	SIZE	84	PAYLOAD	84	ZIP	false		UPSTREAM	-1	SERVER	2	DOWNSTREAM	3	Timeline	2023-02-04 21:37:54:974
1	0	SP5	MASTER	CHECKOUT	PING	0	TARGET	I.M. Obi-Wan	SIZE	30	PAYLOAD	30	ZIP	false		UPSTREAM	-2	SERVER	11	DOWNSTREAM	3	Timeline	2023-02-04 21:37:54:982
0	39054	SP5	MASTER	EXIT
1	0	SP6	MASTER	CHECKIN	PING	0	TARGET	I.M. Obi-Wan	SIZE	80	PAYLOAD	80	ZIP	false		UPSTREAM	3	SERVER	7	DOWNSTREAM	6	Timeline	2023-02-04 21:37:16:159
1	0	SP6	MASTER	OPENPROBLEM	PING	0	TARGET	P.M. Jango Fett	SIZE	128	PAYLOAD	128	ZIP	false		UPSTREAM	15282	SERVER	3006	DOWNSTREAM	3	Timeline	2023-02-04 21:37:16:187
1	0	SP6	MASTER	SOLVEPROBLEM	PING	1	TARGET	Dookoo	SIZE	1024	PAYLOAD	1024	ZIP	false		UPSTREAM	2700	SERVER	503	DOWNSTREAM	3	Timeline	2023-02-04 21:37:34:579
1	0	SP6	MASTER	SOLVEPROBLEM	PING	2	TARGET	Dookoo	SIZE	2048	PAYLOAD	2048	ZIP	false		UPSTREAM	3504	SERVER	500	DOWNSTREAM	3	Timeline	2023-02-04 21:37:37:786
1	0	SP6	MASTER	SOLVEPROBLEM	PING	3	TARGET	Dookoo	SIZE	4096	PAYLOAD	4096	ZIP	false		UPSTREAM	3523	SERVER	500	DOWNSTREAM	3	Timeline	2023-02-04 21:37:41:794
1	0	SP6	MASTER	SOLVEPROBLEM	PING	4	TARGET	Dookoo	SIZE	8192	PAYLOAD	8192	ZIP	false		UPSTREAM	3588	SERVER	501	DOWNSTREAM	3	Timeline	2023-02-04 21:37:45:821
1	0	SP6	MASTER	SOLVEPROBLEM	PING	5	TARGET	Dookoo	SIZE	16384	PAYLOAD	16384	ZIP	false		UPSTREAM	3510	SERVER	500	DOWNSTREAM	3	Timeline	2023-02-04 21:37:49:914
1	1	SP6	MASTER	SOLVEPROBLEM	PING	6	TARGET	Dookoo	SIZE	32768	PAYLOAD	32768	ZIP	false		UPSTREAM	3552	SERVER	500	DOWNSTREAM	3	Timeline	2023-02-04 21:37:53:928
1	0	SP6	MASTER	SOLVEPROBLEM	PING	7	TARGET	Dookoo	SIZE	65536	PAYLOAD	65536	ZIP	false		UPSTREAM	3089	SERVER	502	DOWNSTREAM	3	Timeline	2023-02-04 21:37:57:984
1	0	SP6	MASTER	SOLVEPROBLEM	PING	8	TARGET	Dookoo	SIZE	131072	PAYLOAD	131072	ZIP	false		UPSTREAM	3080	SERVER	506	DOWNSTREAM	3	Timeline	2023-02-04 21:38:01:579
1	0	SP6	MASTER	SOLVEPROBLEM	PING	9	TARGET	Dookoo	SIZE	262144	PAYLOAD	262144	ZIP	false		UPSTREAM	3069	SERVER	516	DOWNSTREAM	3	Timeline	2023-02-04 21:38:05:170
1	0	SP6	MASTER	SOLVEPROBLEM	PING	10	TARGET	Dookoo	SIZE	524288	PAYLOAD	524288	ZIP	false		UPSTREAM	3019	SERVER	559	DOWNSTREAM	5	Timeline	2023-02-04 21:38:08:759
1	1	SP6	MASTER	SOLVEPROBLEM	PING	11	TARGET	Dookoo	SIZE	512	PAYLOAD	346	ZIP	true		UPSTREAM	3076	SERVER	500	DOWNSTREAM	3	Timeline	2023-02-04 21:38:12:343
1	0	SP6	MASTER	SOLVEPROBLEM	PING	12	TARGET	Dookoo	SIZE	1024	PAYLOAD	655	ZIP	true		UPSTREAM	2501	SERVER	500	DOWNSTREAM	3	Timeline	2023-02-04 21:38:15:923
1	0	SP6	MASTER	SOLVEPROBLEM	PING	13	TARGET	Dookoo	SIZE	2048	PAYLOAD	977	ZIP	true		UPSTREAM	2504	SERVER	500	DOWNSTREAM	3	Timeline	2023-02-04 21:38:18:928
1	0	SP6	MASTER	SOLVEPROBLEM	PING	14	TARGET	Dookoo	SIZE	4096	PAYLOAD	1310	ZIP	true		UPSTREAM	2525	SERVER	500	DOWNSTREAM	3	Timeline	2023-02-04 21:38:21:935
1	0	SP6	MASTER	SOLVEPROBLEM	PING	15	TARGET	Dookoo	SIZE	8192	PAYLOAD	1680	ZIP	true		UPSTREAM	2001	SERVER	501	DOWNSTREAM	3	Timeline	2023-02-04 21:38:24:964
1	0	SP6	MASTER	SOLVEPROBLEM	PING	16	TARGET	Dookoo	SIZE	16384	PAYLOAD	1767	ZIP	true		UPSTREAM	2004	SERVER	501	DOWNSTREAM	2	Timeline	2023-02-04 21:38:27:470
1	0	SP6	MASTER	SOLVEPROBLEM	PING	17	TARGET	Dookoo	SIZE	32768	PAYLOAD	1947	ZIP	true		UPSTREAM	2028	SERVER	501	DOWNSTREAM	3	Timeline	2023-02-04 21:38:29:979
1	0	SP6	MASTER	SOLVEPROBLEM	PING	18	TARGET	Dookoo	SIZE	65536	PAYLOAD	2293	ZIP	true		UPSTREAM	1524	SERVER	502	DOWNSTREAM	2	Timeline	2023-02-04 21:38:32:513
1	0	SP6	MASTER	SOLVEPROBLEM	PING	19	TARGET	Dookoo	SIZE	131072	PAYLOAD	2942	ZIP	true		UPSTREAM	1014	SERVER	504	DOWNSTREAM	3	Timeline	2023-02-04 21:38:34:543
1	0	SP6	MASTER	SOLVEPROBLEM	PING	20	TARGET	Dookoo	SIZE	262144	PAYLOAD	4210	ZIP	true		UPSTREAM	499	SERVER	518	DOWNSTREAM	3	Timeline	2023-02-04 21:38:36:068
1	0	SP6	MASTER	CLOSEPROBLEM	PING	0	TARGET	P.M. Jango Fett	SIZE	84	PAYLOAD	84	ZIP	false		UPSTREAM	-2	SERVER	3	DOWNSTREAM	3	Timeline	2023-02-04 21:38:37:092
1	1	SP6	MASTER	CHECKOUT	PING	0	TARGET	I.M. Obi-Wan	SIZE	30	PAYLOAD	30	ZIP	false		UPSTREAM	-1	SERVER	12	DOWNSTREAM	3	Timeline	2023-02-04 21:38:37:097
0	81097	SP6	MASTER	EXIT
1	6	SP7	MASTER	CHECKIN	PING	0	TARGET	I.M. Obi-Wan	SIZE	80	PAYLOAD	80	ZIP	false		UPSTREAM	-1	SERVER	7	DOWNSTREAM	6	Timeline	2023-02-04 21:37:16:210
1	0	SP7	MASTER	OPENPROBLEM	PING	0	TARGET	P.M. Jango Fett	SIZE	128	PAYLOAD	128	ZIP	false		UPSTREAM	18248	SERVER	2977	DOWNSTREAM	3	Timeline	2023-02-04 21:37:16:249
1	0	SP7	MASTER	SOLVEPROBLEM	PING	1	TARGET	Dookoo	SIZE	1024	PAYLOAD	1024	ZIP	false		UPSTREAM	3211	SERVER	501	DOWNSTREAM	2	Timeline	2023-02-04 21:37:37:578
1	0	SP7	MASTER	SOLVEPROBLEM	PING	2	TARGET	Dookoo	SIZE	2048	PAYLOAD	2048	ZIP	false		UPSTREAM	3523	SERVER	500	DOWNSTREAM	3	Timeline	2023-02-04 21:37:41:293
1	0	SP7	MASTER	SOLVEPROBLEM	PING	3	TARGET	Dookoo	SIZE	4096	PAYLOAD	4096	ZIP	false		UPSTREAM	3589	SERVER	500	DOWNSTREAM	3	Timeline	2023-02-04 21:37:45:320
1	0	SP7	MASTER	SOLVEPROBLEM	PING	4	TARGET	Dookoo	SIZE	8192	PAYLOAD	8192	ZIP	false		UPSTREAM	3510	SERVER	501	DOWNSTREAM	2	Timeline	2023-02-04 21:37:49:413
1	0	SP7	MASTER	SOLVEPROBLEM	PING	5	TARGET	Dookoo	SIZE	16384	PAYLOAD	16384	ZIP	false		UPSTREAM	3552	SERVER	501	DOWNSTREAM	2	Timeline	2023-02-04 21:37:53:427
1	0	SP7	MASTER	SOLVEPROBLEM	PING	6	TARGET	Dookoo	SIZE	32768	PAYLOAD	32768	ZIP	false		UPSTREAM	3090	SERVER	500	DOWNSTREAM	3	Timeline	2023-02-04 21:37:57:483
1	0	SP7	MASTER	SOLVEPROBLEM	PING	7	TARGET	Dookoo	SIZE	65536	PAYLOAD	65536	ZIP	false		UPSTREAM	3081	SERVER	501	DOWNSTREAM	3	Timeline	2023-02-04 21:38:01:077
1	0	SP7	MASTER	SOLVEPROBLEM	PING	8	TARGET	Dookoo	SIZE	131072	PAYLOAD	131072	ZIP	false		UPSTREAM	3072	SERVER	504	DOWNSTREAM	3	Timeline	2023-02-04 21:38:04:663
1	0	SP7	MASTER	SOLVEPROBLEM	PING	9	TARGET	Dookoo	SIZE	262144	PAYLOAD	262144	ZIP	false		UPSTREAM	3020	SERVER	515	DOWNSTREAM	4	Timeline	2023-02-04 21:38:08:243
1	0	SP7	MASTER	SOLVEPROBLEM	PING	10	TARGET	Dookoo	SIZE	524288	PAYLOAD	524288	ZIP	false		UPSTREAM	3076	SERVER	560	DOWNSTREAM	5	Timeline	2023-02-04 21:38:11:783
1	0	SP7	MASTER	SOLVEPROBLEM	PING	11	TARGET	Dookoo	SIZE	512	PAYLOAD	346	ZIP	true		UPSTREAM	2498	SERVER	500	DOWNSTREAM	3	Timeline	2023-02-04 21:38:15:425
1	0	SP7	MASTER	SOLVEPROBLEM	PING	12	TARGET	Dookoo	SIZE	1024	PAYLOAD	506	ZIP	true		UPSTREAM	2504	SERVER	501	DOWNSTREAM	2	Timeline	2023-02-04 21:38:18:427
1	0	SP7	MASTER	SOLVEPROBLEM	PING	13	TARGET	Dookoo	SIZE	2048	PAYLOAD	825	ZIP	true		UPSTREAM	2524	SERVER	500	DOWNSTREAM	3	Timeline	2023-02-04 21:38:21:435
1	0	SP7	MASTER	SOLVEPROBLEM	PING	14	TARGET	Dookoo	SIZE	4096	PAYLOAD	1470	ZIP	true		UPSTREAM	2002	SERVER	500	DOWNSTREAM	3	Timeline	2023-02-04 21:38:24:463
1	0	SP7	MASTER	SOLVEPROBLEM	PING	15	TARGET	Dookoo	SIZE	8192	PAYLOAD	1671	ZIP	true		UPSTREAM	2005	SERVER	500	DOWNSTREAM	3	Timeline	2023-02-04 21:38:26:969
1	0	SP7	MASTER	SOLVEPROBLEM	PING	16	TARGET	Dookoo	SIZE	16384	PAYLOAD	1769	ZIP	true		UPSTREAM	2029	SERVER	500	DOWNSTREAM	3	Timeline	2023-02-04 21:38:29:478
1	0	SP7	MASTER	SOLVEPROBLEM	PING	17	TARGET	Dookoo	SIZE	32768	PAYLOAD	1948	ZIP	true		UPSTREAM	1525	SERVER	500	DOWNSTREAM	4	Timeline	2023-02-04 21:38:32:011
1	0	SP7	MASTER	SOLVEPROBLEM	PING	18	TARGET	Dookoo	SIZE	65536	PAYLOAD	2291	ZIP	true		UPSTREAM	1013	SERVER	503	DOWNSTREAM	2	Timeline	2023-02-04 21:38:34:041
1	0	SP7	MASTER	SOLVEPROBLEM	PING	19	TARGET	Dookoo	SIZE	131072	PAYLOAD	2944	ZIP	true		UPSTREAM	500	SERVER	505	DOWNSTREAM	3	Timeline	2023-02-04 21:38:35:562
1	0	SP7	MASTER	SOLVEPROBLEM	PING	20	TARGET	Dookoo	SIZE	262144	PAYLOAD	4214	ZIP	true		UPSTREAM	512	SERVER	523	DOWNSTREAM	2	Timeline	2023-02-04 21:38:36:573
1	0	SP7	MASTER	CLOSEPROBLEM	PING	0	TARGET	P.M. Jango Fett	SIZE	84	PAYLOAD	84	ZIP	false		UPSTREAM	-1	SERVER	3	DOWNSTREAM	2	Timeline	2023-02-04 21:38:37:614
1	0	SP7	MASTER	CHECKOUT	PING	0	TARGET	I.M. Obi-Wan	SIZE	30	PAYLOAD	30	ZIP	false		UPSTREAM	-1	SERVER	6	DOWNSTREAM	3	Timeline	2023-02-04 21:38:37:619
0	81501	SP7	MASTER	EXIT
