1	1	SP0	MASTER	CHECKIN	PING	0	TARGET	I.M. Mace Windu	SIZE	80	PAYLOAD	80	ZIP	false		UPSTREAM	4	SERVER	14	DOWNSTREAM	6	Timeline	2023-02-04 22:27:18:074
1	0	SP0	MASTER	OPENPROBLEM	PING	0	TARGET	P.M. Mando	SIZE	128	PAYLOAD	128	ZIP	false		UPSTREAM	6	SERVER	499	DOWNSTREAM	10	Timeline	2023-02-04 22:27:18:133
1	0	SP0	MASTER	SOLVEPROBLEM	PING	1	TARGET	Dookoo	SIZE	1024	PAYLOAD	1024	ZIP	false		UPSTREAM	8	SERVER	516	DOWNSTREAM	3	Timeline	2023-02-04 22:27:18:753
1	0	SP0	MASTER	SOLVEPROBLEM	PING	2	TARGET	Dookoo	SIZE	2048	PAYLOAD	2048	ZIP	false		UPSTREAM	2	SERVER	507	DOWNSTREAM	3	Timeline	2023-02-04 22:27:19:284
1	0	SP0	MASTER	SOLVEPROBLEM	PING	3	TARGET	Dookoo	SIZE	4096	PAYLOAD	4096	ZIP	false		UPSTREAM	1	SERVER	501	DOWNSTREAM	2	Timeline	2023-02-04 22:27:19:800
1	0	SP0	MASTER	SOLVEPROBLEM	PING	4	TARGET	Dookoo	SIZE	8192	PAYLOAD	8192	ZIP	false		UPSTREAM	1	SERVER	500	DOWNSTREAM	3	Timeline	2023-02-04 22:27:20:307
1	0	SP0	MASTER	SOLVEPROBLEM	PING	5	TARGET	Dookoo	SIZE	16384	PAYLOAD	16384	ZIP	false		UPSTREAM	1	SERVER	501	DOWNSTREAM	3	Timeline	2023-02-04 22:27:20:814
1	0	SP0	MASTER	SOLVEPROBLEM	PING	6	TARGET	Dookoo	SIZE	32768	PAYLOAD	32768	ZIP	false		UPSTREAM	1	SERVER	501	DOWNSTREAM	3	Timeline	2023-02-04 22:27:21:321
1	0	SP0	MASTER	SOLVEPROBLEM	PING	7	TARGET	Dookoo	SIZE	65536	PAYLOAD	65536	ZIP	false		UPSTREAM	0	SERVER	502	DOWNSTREAM	3	Timeline	2023-02-04 22:27:21:828
1	0	SP0	MASTER	SOLVEPROBLEM	PING	8	TARGET	Dookoo	SIZE	131072	PAYLOAD	131072	ZIP	false		UPSTREAM	0	SERVER	504	DOWNSTREAM	4	Timeline	2023-02-04 22:27:22:335
1	0	SP0	MASTER	SOLVEPROBLEM	PING	9	TARGET	Dookoo	SIZE	262144	PAYLOAD	262144	ZIP	false		UPSTREAM	0	SERVER	525	DOWNSTREAM	3	Timeline	2023-02-04 22:27:22:846
1	0	SP0	MASTER	SOLVEPROBLEM	PING	10	TARGET	Dookoo	SIZE	524288	PAYLOAD	524288	ZIP	false		UPSTREAM	0	SERVER	564	DOWNSTREAM	6	Timeline	2023-02-04 22:27:23:377
1	0	SP0	MASTER	SOLVEPROBLEM	PING	11	TARGET	Dookoo	SIZE	512	PAYLOAD	346	ZIP	true		UPSTREAM	0	SERVER	502	DOWNSTREAM	3	Timeline	2023-02-04 22:27:23:949
1	0	SP0	MASTER	SOLVEPROBLEM	PING	12	TARGET	Dookoo	SIZE	1024	PAYLOAD	653	ZIP	true		UPSTREAM	0	SERVER	501	DOWNSTREAM	2	Timeline	2023-02-04 22:27:24:458
1	0	SP0	MASTER	SOLVEPROBLEM	PING	13	TARGET	Dookoo	SIZE	2048	PAYLOAD	978	ZIP	true		UPSTREAM	0	SERVER	501	DOWNSTREAM	2	Timeline	2023-02-04 22:27:24:963
1	0	SP0	MASTER	SOLVEPROBLEM	PING	14	TARGET	Dookoo	SIZE	4096	PAYLOAD	1471	ZIP	true		UPSTREAM	0	SERVER	501	DOWNSTREAM	2	Timeline	2023-02-04 22:27:25:469
1	0	SP0	MASTER	SOLVEPROBLEM	PING	15	TARGET	Dookoo	SIZE	8192	PAYLOAD	1676	ZIP	true		UPSTREAM	0	SERVER	502	DOWNSTREAM	2	Timeline	2023-02-04 22:27:25:975
1	0	SP0	MASTER	SOLVEPROBLEM	PING	16	TARGET	Dookoo	SIZE	16384	PAYLOAD	1770	ZIP	true		UPSTREAM	0	SERVER	501	DOWNSTREAM	2	Timeline	2023-02-04 22:27:26:481
1	0	SP0	MASTER	SOLVEPROBLEM	PING	17	TARGET	Dookoo	SIZE	32768	PAYLOAD	1948	ZIP	true		UPSTREAM	0	SERVER	501	DOWNSTREAM	3	Timeline	2023-02-04 22:27:26:986
1	0	SP0	MASTER	SOLVEPROBLEM	PING	18	TARGET	Dookoo	SIZE	65536	PAYLOAD	2292	ZIP	true		UPSTREAM	0	SERVER	502	DOWNSTREAM	3	Timeline	2023-02-04 22:27:27:492
1	0	SP0	MASTER	SOLVEPROBLEM	PING	19	TARGET	Dookoo	SIZE	131072	PAYLOAD	2948	ZIP	true		UPSTREAM	0	SERVER	505	DOWNSTREAM	2	Timeline	2023-02-04 22:27:28:000
1	0	SP0	MASTER	SOLVEPROBLEM	PING	20	TARGET	Dookoo	SIZE	262144	PAYLOAD	4215	ZIP	true		UPSTREAM	0	SERVER	517	DOWNSTREAM	3	Timeline	2023-02-04 22:27:28:513
1	0	SP0	MASTER	CLOSEPROBLEM	PING	0	TARGET	P.M. Mando	SIZE	84	PAYLOAD	84	ZIP	false		UPSTREAM	0	SERVER	6	DOWNSTREAM	3	Timeline	2023-02-04 22:27:29:039
1	0	SP0	MASTER	CHECKOUT	PING	0	TARGET	I.M. Mace Windu	SIZE	30	PAYLOAD	30	ZIP	false		UPSTREAM	3	SERVER	11	DOWNSTREAM	2	Timeline	2023-02-04 22:27:29:050
0	11172	SP0	MASTER	EXIT
1	6	SP0	MASTER	CHECKIN	PING	0	TARGET	I.M. Mace Windu	SIZE	80	PAYLOAD	80	ZIP	false		UPSTREAM	13	SERVER	9	DOWNSTREAM	29	Timeline	2023-02-04 22:28:47:603
1	0	SP0	MASTER	OPENPROBLEM	PING	0	TARGET	P.M. Mando	SIZE	128	PAYLOAD	128	ZIP	false		UPSTREAM	8	SERVER	402	DOWNSTREAM	6	Timeline	2023-02-04 22:28:47:724
1	0	SP0	MASTER	SOLVEPROBLEM	PING	1	TARGET	Dookoo	SIZE	1024	PAYLOAD	1024	ZIP	false		UPSTREAM	2	SERVER	503	DOWNSTREAM	4	Timeline	2023-02-04 22:28:48:268
1	0	SP0	MASTER	SOLVEPROBLEM	PING	2	TARGET	Dookoo	SIZE	2048	PAYLOAD	2048	ZIP	false		UPSTREAM	1	SERVER	502	DOWNSTREAM	2	Timeline	2023-02-04 22:28:48:782
1	0	SP0	MASTER	SOLVEPROBLEM	PING	3	TARGET	Dookoo	SIZE	4096	PAYLOAD	4096	ZIP	false		UPSTREAM	0	SERVER	501	DOWNSTREAM	3	Timeline	2023-02-04 22:28:49:290
1	0	SP0	MASTER	SOLVEPROBLEM	PING	4	TARGET	Dookoo	SIZE	8192	PAYLOAD	8192	ZIP	false		UPSTREAM	0	SERVER	501	DOWNSTREAM	2	Timeline	2023-02-04 22:28:49:797
1	0	SP0	MASTER	SOLVEPROBLEM	PING	5	TARGET	Dookoo	SIZE	16384	PAYLOAD	16384	ZIP	false		UPSTREAM	0	SERVER	501	DOWNSTREAM	2	Timeline	2023-02-04 22:28:50:303
1	0	SP0	MASTER	SOLVEPROBLEM	PING	6	TARGET	Dookoo	SIZE	32768	PAYLOAD	32768	ZIP	false		UPSTREAM	1	SERVER	502	DOWNSTREAM	3	Timeline	2023-02-04 22:28:50:809
1	0	SP0	MASTER	SOLVEPROBLEM	PING	7	TARGET	Dookoo	SIZE	65536	PAYLOAD	65536	ZIP	false		UPSTREAM	1	SERVER	502	DOWNSTREAM	3	Timeline	2023-02-04 22:28:51:318
1	0	SP0	MASTER	SOLVEPROBLEM	PING	8	TARGET	Dookoo	SIZE	131072	PAYLOAD	131072	ZIP	false		UPSTREAM	1	SERVER	509	DOWNSTREAM	4	Timeline	2023-02-04 22:28:51:826
1	0	SP0	MASTER	SOLVEPROBLEM	PING	9	TARGET	Dookoo	SIZE	262144	PAYLOAD	262144	ZIP	false		UPSTREAM	1	SERVER	515	DOWNSTREAM	4	Timeline	2023-02-04 22:28:52:341
1	0	SP0	MASTER	SOLVEPROBLEM	PING	10	TARGET	Dookoo	SIZE	524288	PAYLOAD	524288	ZIP	false		UPSTREAM	0	SERVER	567	DOWNSTREAM	7	Timeline	2023-02-04 22:28:52:863
1	0	SP0	MASTER	SOLVEPROBLEM	PING	11	TARGET	Dookoo	SIZE	512	PAYLOAD	346	ZIP	true		UPSTREAM	0	SERVER	503	DOWNSTREAM	3	Timeline	2023-02-04 22:28:53:440
1	0	SP0	MASTER	SOLVEPROBLEM	PING	12	TARGET	Dookoo	SIZE	1024	PAYLOAD	657	ZIP	true		UPSTREAM	0	SERVER	501	DOWNSTREAM	3	Timeline	2023-02-04 22:28:53:949
1	0	SP0	MASTER	SOLVEPROBLEM	PING	13	TARGET	Dookoo	SIZE	2048	PAYLOAD	1131	ZIP	true		UPSTREAM	0	SERVER	501	DOWNSTREAM	2	Timeline	2023-02-04 22:28:54:455
1	0	SP0	MASTER	SOLVEPROBLEM	PING	14	TARGET	Dookoo	SIZE	4096	PAYLOAD	1474	ZIP	true		UPSTREAM	0	SERVER	501	DOWNSTREAM	3	Timeline	2023-02-04 22:28:54:960
1	0	SP0	MASTER	SOLVEPROBLEM	PING	15	TARGET	Dookoo	SIZE	8192	PAYLOAD	1674	ZIP	true		UPSTREAM	0	SERVER	501	DOWNSTREAM	3	Timeline	2023-02-04 22:28:55:465
1	0	SP0	MASTER	SOLVEPROBLEM	PING	16	TARGET	Dookoo	SIZE	16384	PAYLOAD	1771	ZIP	true		UPSTREAM	1	SERVER	501	DOWNSTREAM	2	Timeline	2023-02-04 22:28:55:972
1	0	SP0	MASTER	SOLVEPROBLEM	PING	17	TARGET	Dookoo	SIZE	32768	PAYLOAD	1953	ZIP	true		UPSTREAM	0	SERVER	501	DOWNSTREAM	3	Timeline	2023-02-04 22:28:56:478
1	0	SP0	MASTER	SOLVEPROBLEM	PING	18	TARGET	Dookoo	SIZE	65536	PAYLOAD	2295	ZIP	true		UPSTREAM	0	SERVER	503	DOWNSTREAM	2	Timeline	2023-02-04 22:28:56:984
1	0	SP0	MASTER	SOLVEPROBLEM	PING	19	TARGET	Dookoo	SIZE	131072	PAYLOAD	2954	ZIP	true		UPSTREAM	0	SERVER	505	DOWNSTREAM	3	Timeline	2023-02-04 22:28:57:492
1	0	SP0	MASTER	SOLVEPROBLEM	PING	20	TARGET	Dookoo	SIZE	262144	PAYLOAD	4205	ZIP	true		UPSTREAM	0	SERVER	519	DOWNSTREAM	3	Timeline	2023-02-04 22:28:58:006
1	1	SP0	MASTER	CLOSEPROBLEM	PING	0	TARGET	P.M. Mando	SIZE	84	PAYLOAD	84	ZIP	false		UPSTREAM	0	SERVER	11	DOWNSTREAM	2	Timeline	2023-02-04 22:28:58:533
1	0	SP0	MASTER	CHECKOUT	PING	0	TARGET	I.M. Mace Windu	SIZE	30	PAYLOAD	30	ZIP	false		UPSTREAM	0	SERVER	11	DOWNSTREAM	35	Timeline	2023-02-04 22:28:58:549
0	11233	SP0	MASTER	EXIT
1	5	SP1	MASTER	CHECKIN	PING	0	TARGET	I.M. Mace Windu	SIZE	80	PAYLOAD	80	ZIP	false		UPSTREAM	3	SERVER	8	DOWNSTREAM	33	Timeline	2023-02-04 22:28:47:603
1	0	SP1	MASTER	OPENPROBLEM	PING	0	TARGET	P.M. Mando	SIZE	128	PAYLOAD	128	ZIP	false		UPSTREAM	413	SERVER	2835	DOWNSTREAM	5	Timeline	2023-02-04 22:28:47:728
1	0	SP1	MASTER	SOLVEPROBLEM	PING	1	TARGET	Dookoo	SIZE	1024	PAYLOAD	1024	ZIP	false		UPSTREAM	0	SERVER	508	DOWNSTREAM	3	Timeline	2023-02-04 22:28:51:084
1	0	SP1	MASTER	SOLVEPROBLEM	PING	2	TARGET	Dookoo	SIZE	2048	PAYLOAD	2048	ZIP	false		UPSTREAM	0	SERVER	501	DOWNSTREAM	3	Timeline	2023-02-04 22:28:51:598
1	0	SP1	MASTER	SOLVEPROBLEM	PING	3	TARGET	Dookoo	SIZE	4096	PAYLOAD	4096	ZIP	false		UPSTREAM	0	SERVER	501	DOWNSTREAM	2	Timeline	2023-02-04 22:28:52:104
1	0	SP1	MASTER	SOLVEPROBLEM	PING	4	TARGET	Dookoo	SIZE	8192	PAYLOAD	8192	ZIP	false		UPSTREAM	0	SERVER	501	DOWNSTREAM	2	Timeline	2023-02-04 22:28:52:610
1	0	SP1	MASTER	SOLVEPROBLEM	PING	5	TARGET	Dookoo	SIZE	16384	PAYLOAD	16384	ZIP	false		UPSTREAM	0	SERVER	501	DOWNSTREAM	2	Timeline	2023-02-04 22:28:53:115
1	0	SP1	MASTER	SOLVEPROBLEM	PING	6	TARGET	Dookoo	SIZE	32768	PAYLOAD	32768	ZIP	false		UPSTREAM	-1	SERVER	501	DOWNSTREAM	3	Timeline	2023-02-04 22:28:53:620
1	0	SP1	MASTER	SOLVEPROBLEM	PING	7	TARGET	Dookoo	SIZE	65536	PAYLOAD	65536	ZIP	false		UPSTREAM	0	SERVER	502	DOWNSTREAM	3	Timeline	2023-02-04 22:28:54:124
1	0	SP1	MASTER	SOLVEPROBLEM	PING	8	TARGET	Dookoo	SIZE	131072	PAYLOAD	131072	ZIP	false		UPSTREAM	0	SERVER	504	DOWNSTREAM	3	Timeline	2023-02-04 22:28:54:631
1	0	SP1	MASTER	SOLVEPROBLEM	PING	9	TARGET	Dookoo	SIZE	262144	PAYLOAD	262144	ZIP	false		UPSTREAM	0	SERVER	513	DOWNSTREAM	4	Timeline	2023-02-04 22:28:55:140
1	0	SP1	MASTER	SOLVEPROBLEM	PING	10	TARGET	Dookoo	SIZE	524288	PAYLOAD	524288	ZIP	false		UPSTREAM	-1	SERVER	568	DOWNSTREAM	5	Timeline	2023-02-04 22:28:55:660
1	0	SP1	MASTER	SOLVEPROBLEM	PING	11	TARGET	Dookoo	SIZE	512	PAYLOAD	351	ZIP	true		UPSTREAM	0	SERVER	500	DOWNSTREAM	2	Timeline	2023-02-04 22:28:56:235
1	0	SP1	MASTER	SOLVEPROBLEM	PING	12	TARGET	Dookoo	SIZE	1024	PAYLOAD	653	ZIP	true		UPSTREAM	0	SERVER	501	DOWNSTREAM	2	Timeline	2023-02-04 22:28:56:739
1	0	SP1	MASTER	SOLVEPROBLEM	PING	13	TARGET	Dookoo	SIZE	2048	PAYLOAD	977	ZIP	true		UPSTREAM	1	SERVER	501	DOWNSTREAM	2	Timeline	2023-02-04 22:28:57:243
1	0	SP1	MASTER	SOLVEPROBLEM	PING	14	TARGET	Dookoo	SIZE	4096	PAYLOAD	1470	ZIP	true		UPSTREAM	0	SERVER	501	DOWNSTREAM	2	Timeline	2023-02-04 22:28:57:750
1	0	SP1	MASTER	SOLVEPROBLEM	PING	15	TARGET	Dookoo	SIZE	8192	PAYLOAD	1672	ZIP	true		UPSTREAM	1	SERVER	501	DOWNSTREAM	2	Timeline	2023-02-04 22:28:58:255
1	0	SP1	MASTER	SOLVEPROBLEM	PING	16	TARGET	Dookoo	SIZE	16384	PAYLOAD	1763	ZIP	true		UPSTREAM	0	SERVER	501	DOWNSTREAM	2	Timeline	2023-02-04 22:28:58:760
1	0	SP1	MASTER	SOLVEPROBLEM	PING	17	TARGET	Dookoo	SIZE	32768	PAYLOAD	1950	ZIP	true		UPSTREAM	0	SERVER	501	DOWNSTREAM	3	Timeline	2023-02-04 22:28:59:265
1	0	SP1	MASTER	SOLVEPROBLEM	PING	18	TARGET	Dookoo	SIZE	65536	PAYLOAD	2294	ZIP	true		UPSTREAM	-1	SERVER	506	DOWNSTREAM	3	Timeline	2023-02-04 22:28:59:771
1	0	SP1	MASTER	SOLVEPROBLEM	PING	19	TARGET	Dookoo	SIZE	131072	PAYLOAD	2949	ZIP	true		UPSTREAM	0	SERVER	504	DOWNSTREAM	2	Timeline	2023-02-04 22:29:00:281
1	0	SP1	MASTER	SOLVEPROBLEM	PING	20	TARGET	Dookoo	SIZE	262144	PAYLOAD	4204	ZIP	true		UPSTREAM	-1	SERVER	517	DOWNSTREAM	2	Timeline	2023-02-04 22:29:00:789
1	0	SP1	MASTER	CLOSEPROBLEM	PING	0	TARGET	P.M. Mando	SIZE	84	PAYLOAD	84	ZIP	false		UPSTREAM	0	SERVER	2	DOWNSTREAM	2	Timeline	2023-02-04 22:29:01:311
1	0	SP1	MASTER	CHECKOUT	PING	0	TARGET	I.M. Mace Windu	SIZE	30	PAYLOAD	30	ZIP	false		UPSTREAM	0	SERVER	7	DOWNSTREAM	2	Timeline	2023-02-04 22:29:01:316
0	13914	SP1	MASTER	EXIT
1	0	SP0	MASTER	CHECKIN	PING	0	TARGET	I.M. Mace Windu	SIZE	80	PAYLOAD	80	ZIP	false		UPSTREAM	14	SERVER	5	DOWNSTREAM	9	Timeline	2023-02-04 22:29:58:458
1	0	SP0	MASTER	OPENPROBLEM	PING	0	TARGET	P.M. Mando	SIZE	128	PAYLOAD	128	ZIP	false		UPSTREAM	295	SERVER	2933	DOWNSTREAM	3	Timeline	2023-02-04 22:29:58:529
1	0	SP0	MASTER	SOLVEPROBLEM	PING	1	TARGET	Dookoo	SIZE	1024	PAYLOAD	1024	ZIP	false		UPSTREAM	0	SERVER	502	DOWNSTREAM	1	Timeline	2023-02-04 22:30:01:868
1	0	SP0	MASTER	SOLVEPROBLEM	PING	2	TARGET	Dookoo	SIZE	2048	PAYLOAD	2048	ZIP	false		UPSTREAM	0	SERVER	501	DOWNSTREAM	2	Timeline	2023-02-04 22:30:02:373
1	0	SP0	MASTER	SOLVEPROBLEM	PING	3	TARGET	Dookoo	SIZE	4096	PAYLOAD	4096	ZIP	false		UPSTREAM	0	SERVER	501	DOWNSTREAM	1	Timeline	2023-02-04 22:30:02:878
1	0	SP0	MASTER	SOLVEPROBLEM	PING	4	TARGET	Dookoo	SIZE	8192	PAYLOAD	8192	ZIP	false		UPSTREAM	0	SERVER	501	DOWNSTREAM	2	Timeline	2023-02-04 22:30:03:382
1	0	SP0	MASTER	SOLVEPROBLEM	PING	5	TARGET	Dookoo	SIZE	16384	PAYLOAD	16384	ZIP	false		UPSTREAM	-1	SERVER	501	DOWNSTREAM	2	Timeline	2023-02-04 22:30:03:888
1	0	SP0	MASTER	SOLVEPROBLEM	PING	6	TARGET	Dookoo	SIZE	32768	PAYLOAD	32768	ZIP	false		UPSTREAM	0	SERVER	501	DOWNSTREAM	3	Timeline	2023-02-04 22:30:04:392
1	0	SP0	MASTER	SOLVEPROBLEM	PING	7	TARGET	Dookoo	SIZE	65536	PAYLOAD	65536	ZIP	false		UPSTREAM	17	SERVER	502	DOWNSTREAM	6	Timeline	2023-02-04 22:30:04:902
1	0	SP0	MASTER	SOLVEPROBLEM	PING	8	TARGET	Dookoo	SIZE	131072	PAYLOAD	131072	ZIP	false		UPSTREAM	0	SERVER	517	DOWNSTREAM	3	Timeline	2023-02-04 22:30:05:430
1	0	SP0	MASTER	SOLVEPROBLEM	PING	9	TARGET	Dookoo	SIZE	262144	PAYLOAD	262144	ZIP	false		UPSTREAM	1	SERVER	517	DOWNSTREAM	5	Timeline	2023-02-04 22:30:05:951
1	0	SP0	MASTER	SOLVEPROBLEM	PING	10	TARGET	Dookoo	SIZE	524288	PAYLOAD	524288	ZIP	false		UPSTREAM	0	SERVER	581	DOWNSTREAM	8	Timeline	2023-02-04 22:30:06:476
1	0	SP0	MASTER	SOLVEPROBLEM	PING	11	TARGET	Dookoo	SIZE	512	PAYLOAD	349	ZIP	true		UPSTREAM	0	SERVER	502	DOWNSTREAM	2	Timeline	2023-02-04 22:30:07:066
1	0	SP0	MASTER	SOLVEPROBLEM	PING	12	TARGET	Dookoo	SIZE	1024	PAYLOAD	656	ZIP	true		UPSTREAM	0	SERVER	503	DOWNSTREAM	2	Timeline	2023-02-04 22:30:07:571
1	0	SP0	MASTER	SOLVEPROBLEM	PING	13	TARGET	Dookoo	SIZE	2048	PAYLOAD	1129	ZIP	true		UPSTREAM	0	SERVER	506	DOWNSTREAM	2	Timeline	2023-02-04 22:30:08:078
1	0	SP0	MASTER	SOLVEPROBLEM	PING	14	TARGET	Dookoo	SIZE	4096	PAYLOAD	1469	ZIP	true		UPSTREAM	0	SERVER	504	DOWNSTREAM	3	Timeline	2023-02-04 22:30:08:589
1	0	SP0	MASTER	SOLVEPROBLEM	PING	15	TARGET	Dookoo	SIZE	8192	PAYLOAD	1520	ZIP	true		UPSTREAM	0	SERVER	507	DOWNSTREAM	2	Timeline	2023-02-04 22:30:09:098
1	1	SP0	MASTER	SOLVEPROBLEM	PING	16	TARGET	Dookoo	SIZE	16384	PAYLOAD	1769	ZIP	true		UPSTREAM	1	SERVER	502	DOWNSTREAM	2	Timeline	2023-02-04 22:30:09:609
1	0	SP0	MASTER	SOLVEPROBLEM	PING	17	TARGET	Dookoo	SIZE	32768	PAYLOAD	1951	ZIP	true		UPSTREAM	0	SERVER	501	DOWNSTREAM	2	Timeline	2023-02-04 22:30:10:115
1	0	SP0	MASTER	SOLVEPROBLEM	PING	18	TARGET	Dookoo	SIZE	65536	PAYLOAD	2294	ZIP	true		UPSTREAM	-1	SERVER	502	DOWNSTREAM	2	Timeline	2023-02-04 22:30:10:620
1	0	SP0	MASTER	SOLVEPROBLEM	PING	19	TARGET	Dookoo	SIZE	131072	PAYLOAD	2938	ZIP	true		UPSTREAM	0	SERVER	508	DOWNSTREAM	2	Timeline	2023-02-04 22:30:11:125
1	0	SP0	MASTER	SOLVEPROBLEM	PING	20	TARGET	Dookoo	SIZE	262144	PAYLOAD	4203	ZIP	true		UPSTREAM	0	SERVER	520	DOWNSTREAM	28	Timeline	2023-02-04 22:30:11:638
1	0	SP0	MASTER	CLOSEPROBLEM	PING	0	TARGET	P.M. Mando	SIZE	84	PAYLOAD	84	ZIP	false		UPSTREAM	1	SERVER	4	DOWNSTREAM	2	Timeline	2023-02-04 22:30:12:191
1	0	SP0	MASTER	CHECKOUT	PING	0	TARGET	I.M. Mace Windu	SIZE	30	PAYLOAD	30	ZIP	false		UPSTREAM	1	SERVER	8	DOWNSTREAM	13	Timeline	2023-02-04 22:30:12:199
0	14020	SP0	MASTER	EXIT
1	1	SP1	MASTER	CHECKIN	PING	0	TARGET	I.M. Mace Windu	SIZE	80	PAYLOAD	80	ZIP	false		UPSTREAM	32	SERVER	8	DOWNSTREAM	17	Timeline	2023-02-04 22:29:58:458
1	0	SP1	MASTER	OPENPROBLEM	PING	0	TARGET	P.M. Mando	SIZE	128	PAYLOAD	128	ZIP	false		UPSTREAM	3218	SERVER	3031	DOWNSTREAM	18	Timeline	2023-02-04 22:29:58:541
1	0	SP1	MASTER	SOLVEPROBLEM	PING	1	TARGET	Dookoo	SIZE	1024	PAYLOAD	1024	ZIP	false		UPSTREAM	21	SERVER	505	DOWNSTREAM	2	Timeline	2023-02-04 22:30:04:894
1	0	SP1	MASTER	SOLVEPROBLEM	PING	2	TARGET	Dookoo	SIZE	2048	PAYLOAD	2048	ZIP	false		UPSTREAM	4	SERVER	503	DOWNSTREAM	6	Timeline	2023-02-04 22:30:05:424
1	0	SP1	MASTER	SOLVEPROBLEM	PING	3	TARGET	Dookoo	SIZE	4096	PAYLOAD	4096	ZIP	false		UPSTREAM	1	SERVER	506	DOWNSTREAM	2	Timeline	2023-02-04 22:30:05:940
1	0	SP1	MASTER	SOLVEPROBLEM	PING	4	TARGET	Dookoo	SIZE	8192	PAYLOAD	8192	ZIP	false		UPSTREAM	0	SERVER	501	DOWNSTREAM	3	Timeline	2023-02-04 22:30:06:450
1	0	SP1	MASTER	SOLVEPROBLEM	PING	5	TARGET	Dookoo	SIZE	16384	PAYLOAD	16384	ZIP	false		UPSTREAM	-1	SERVER	503	DOWNSTREAM	16	Timeline	2023-02-04 22:30:06:962
1	0	SP1	MASTER	SOLVEPROBLEM	PING	6	TARGET	Dookoo	SIZE	32768	PAYLOAD	32768	ZIP	false		UPSTREAM	0	SERVER	501	DOWNSTREAM	3	Timeline	2023-02-04 22:30:07:495
1	0	SP1	MASTER	SOLVEPROBLEM	PING	7	TARGET	Dookoo	SIZE	65536	PAYLOAD	65536	ZIP	false		UPSTREAM	3	SERVER	509	DOWNSTREAM	3	Timeline	2023-02-04 22:30:08:001
1	0	SP1	MASTER	SOLVEPROBLEM	PING	8	TARGET	Dookoo	SIZE	131072	PAYLOAD	131072	ZIP	false		UPSTREAM	0	SERVER	505	DOWNSTREAM	3	Timeline	2023-02-04 22:30:08:521
1	0	SP1	MASTER	SOLVEPROBLEM	PING	9	TARGET	Dookoo	SIZE	262144	PAYLOAD	262144	ZIP	false		UPSTREAM	0	SERVER	521	DOWNSTREAM	3	Timeline	2023-02-04 22:30:09:030
1	0	SP1	MASTER	SOLVEPROBLEM	PING	10	TARGET	Dookoo	SIZE	524288	PAYLOAD	524288	ZIP	false		UPSTREAM	0	SERVER	569	DOWNSTREAM	5	Timeline	2023-02-04 22:30:09:555
1	0	SP1	MASTER	SOLVEPROBLEM	PING	11	TARGET	Dookoo	SIZE	512	PAYLOAD	349	ZIP	true		UPSTREAM	0	SERVER	500	DOWNSTREAM	2	Timeline	2023-02-04 22:30:10:131
1	0	SP1	MASTER	SOLVEPROBLEM	PING	12	TARGET	Dookoo	SIZE	1024	PAYLOAD	656	ZIP	true		UPSTREAM	-1	SERVER	501	DOWNSTREAM	2	Timeline	2023-02-04 22:30:10:635
1	1	SP1	MASTER	SOLVEPROBLEM	PING	13	TARGET	Dookoo	SIZE	2048	PAYLOAD	826	ZIP	true		UPSTREAM	0	SERVER	501	DOWNSTREAM	2	Timeline	2023-02-04 22:30:11:139
1	0	SP1	MASTER	SOLVEPROBLEM	PING	14	TARGET	Dookoo	SIZE	4096	PAYLOAD	1468	ZIP	true		UPSTREAM	5	SERVER	502	DOWNSTREAM	2	Timeline	2023-02-04 22:30:11:644
1	0	SP1	MASTER	SOLVEPROBLEM	PING	15	TARGET	Dookoo	SIZE	8192	PAYLOAD	1674	ZIP	true		UPSTREAM	0	SERVER	502	DOWNSTREAM	2	Timeline	2023-02-04 22:30:12:185
1	0	SP1	MASTER	SOLVEPROBLEM	PING	16	TARGET	Dookoo	SIZE	16384	PAYLOAD	1614	ZIP	true		UPSTREAM	0	SERVER	501	DOWNSTREAM	2	Timeline	2023-02-04 22:30:12:690
1	0	SP1	MASTER	SOLVEPROBLEM	PING	17	TARGET	Dookoo	SIZE	32768	PAYLOAD	1951	ZIP	true		UPSTREAM	0	SERVER	502	DOWNSTREAM	1	Timeline	2023-02-04 22:30:13:194
1	0	SP1	MASTER	SOLVEPROBLEM	PING	18	TARGET	Dookoo	SIZE	65536	PAYLOAD	2295	ZIP	true		UPSTREAM	0	SERVER	502	DOWNSTREAM	2	Timeline	2023-02-04 22:30:13:699
1	0	SP1	MASTER	SOLVEPROBLEM	PING	19	TARGET	Dookoo	SIZE	131072	PAYLOAD	2947	ZIP	true		UPSTREAM	-1	SERVER	506	DOWNSTREAM	2	Timeline	2023-02-04 22:30:14:205
1	0	SP1	MASTER	SOLVEPROBLEM	PING	20	TARGET	Dookoo	SIZE	262144	PAYLOAD	4212	ZIP	true		UPSTREAM	0	SERVER	524	DOWNSTREAM	2	Timeline	2023-02-04 22:30:14:714
1	0	SP1	MASTER	CLOSEPROBLEM	PING	0	TARGET	P.M. Mando	SIZE	84	PAYLOAD	84	ZIP	false		UPSTREAM	-1	SERVER	2	DOWNSTREAM	2	Timeline	2023-02-04 22:30:15:244
1	0	SP1	MASTER	CHECKOUT	PING	0	TARGET	I.M. Mace Windu	SIZE	30	PAYLOAD	30	ZIP	false		UPSTREAM	0	SERVER	7	DOWNSTREAM	2	Timeline	2023-02-04 22:30:15:248
0	17012	SP1	MASTER	EXIT
1	0	SP2	MASTER	CHECKIN	PING	0	TARGET	I.M. Mace Windu	SIZE	80	PAYLOAD	80	ZIP	false		UPSTREAM	8	SERVER	7	DOWNSTREAM	6	Timeline	2023-02-04 22:29:58:455
1	0	SP2	MASTER	OPENPROBLEM	PING	0	TARGET	P.M. Mando	SIZE	128	PAYLOAD	128	ZIP	false		UPSTREAM	2	SERVER	302	DOWNSTREAM	7	Timeline	2023-02-04 22:29:58:518
1	0	SP2	MASTER	SOLVEPROBLEM	PING	1	TARGET	Dookoo	SIZE	1024	PAYLOAD	1024	ZIP	false		UPSTREAM	1	SERVER	501	DOWNSTREAM	3	Timeline	2023-02-04 22:29:58:936
1	0	SP2	MASTER	SOLVEPROBLEM	PING	2	TARGET	Dookoo	SIZE	2048	PAYLOAD	2048	ZIP	false		UPSTREAM	0	SERVER	502	DOWNSTREAM	3	Timeline	2023-02-04 22:29:59:444
1	0	SP2	MASTER	SOLVEPROBLEM	PING	3	TARGET	Dookoo	SIZE	4096	PAYLOAD	4096	ZIP	false		UPSTREAM	0	SERVER	501	DOWNSTREAM	2	Timeline	2023-02-04 22:29:59:952
1	0	SP2	MASTER	SOLVEPROBLEM	PING	4	TARGET	Dookoo	SIZE	8192	PAYLOAD	8192	ZIP	false		UPSTREAM	1	SERVER	500	DOWNSTREAM	2	Timeline	2023-02-04 22:30:00:457
1	0	SP2	MASTER	SOLVEPROBLEM	PING	5	TARGET	Dookoo	SIZE	16384	PAYLOAD	16384	ZIP	false		UPSTREAM	0	SERVER	501	DOWNSTREAM	2	Timeline	2023-02-04 22:30:00:962
1	0	SP2	MASTER	SOLVEPROBLEM	PING	6	TARGET	Dookoo	SIZE	32768	PAYLOAD	32768	ZIP	false		UPSTREAM	0	SERVER	501	DOWNSTREAM	6	Timeline	2023-02-04 22:30:01:467
1	1	SP2	MASTER	SOLVEPROBLEM	PING	7	TARGET	Dookoo	SIZE	65536	PAYLOAD	65536	ZIP	false		UPSTREAM	1	SERVER	502	DOWNSTREAM	3	Timeline	2023-02-04 22:30:01:979
1	0	SP2	MASTER	SOLVEPROBLEM	PING	8	TARGET	Dookoo	SIZE	131072	PAYLOAD	131072	ZIP	false		UPSTREAM	0	SERVER	504	DOWNSTREAM	2	Timeline	2023-02-04 22:30:02:488
1	1	SP2	MASTER	SOLVEPROBLEM	PING	9	TARGET	Dookoo	SIZE	262144	PAYLOAD	262144	ZIP	false		UPSTREAM	0	SERVER	519	DOWNSTREAM	4	Timeline	2023-02-04 22:30:02:997
1	0	SP2	MASTER	SOLVEPROBLEM	PING	10	TARGET	Dookoo	SIZE	524288	PAYLOAD	524288	ZIP	false		UPSTREAM	4	SERVER	560	DOWNSTREAM	6	Timeline	2023-02-04 22:30:03:523
1	0	SP2	MASTER	SOLVEPROBLEM	PING	11	TARGET	Dookoo	SIZE	512	PAYLOAD	349	ZIP	true		UPSTREAM	1	SERVER	500	DOWNSTREAM	3	Timeline	2023-02-04 22:30:04:095
1	0	SP2	MASTER	SOLVEPROBLEM	PING	12	TARGET	Dookoo	SIZE	1024	PAYLOAD	506	ZIP	true		UPSTREAM	0	SERVER	501	DOWNSTREAM	2	Timeline	2023-02-04 22:30:04:602
1	0	SP2	MASTER	SOLVEPROBLEM	PING	13	TARGET	Dookoo	SIZE	2048	PAYLOAD	824	ZIP	true		UPSTREAM	0	SERVER	509	DOWNSTREAM	3	Timeline	2023-02-04 22:30:05:114
1	0	SP2	MASTER	SOLVEPROBLEM	PING	14	TARGET	Dookoo	SIZE	4096	PAYLOAD	1473	ZIP	true		UPSTREAM	2	SERVER	509	DOWNSTREAM	2	Timeline	2023-02-04 22:30:05:633
1	0	SP2	MASTER	SOLVEPROBLEM	PING	15	TARGET	Dookoo	SIZE	8192	PAYLOAD	1673	ZIP	true		UPSTREAM	0	SERVER	501	DOWNSTREAM	3	Timeline	2023-02-04 22:30:06:148
1	0	SP2	MASTER	SOLVEPROBLEM	PING	16	TARGET	Dookoo	SIZE	16384	PAYLOAD	1767	ZIP	true		UPSTREAM	1	SERVER	514	DOWNSTREAM	3	Timeline	2023-02-04 22:30:06:665
1	0	SP2	MASTER	SOLVEPROBLEM	PING	17	TARGET	Dookoo	SIZE	32768	PAYLOAD	1955	ZIP	true		UPSTREAM	0	SERVER	501	DOWNSTREAM	2	Timeline	2023-02-04 22:30:07:184
1	0	SP2	MASTER	SOLVEPROBLEM	PING	18	TARGET	Dookoo	SIZE	65536	PAYLOAD	2293	ZIP	true		UPSTREAM	0	SERVER	502	DOWNSTREAM	3	Timeline	2023-02-04 22:30:07:695
1	4	SP2	MASTER	SOLVEPROBLEM	PING	19	TARGET	Dookoo	SIZE	131072	PAYLOAD	2948	ZIP	true		UPSTREAM	0	SERVER	520	DOWNSTREAM	3	Timeline	2023-02-04 22:30:08:205
1	2	SP2	MASTER	SOLVEPROBLEM	PING	20	TARGET	Dookoo	SIZE	262144	PAYLOAD	4216	ZIP	true		UPSTREAM	0	SERVER	532	DOWNSTREAM	2	Timeline	2023-02-04 22:30:08:740
1	0	SP2	MASTER	CLOSEPROBLEM	PING	0	TARGET	P.M. Mando	SIZE	84	PAYLOAD	84	ZIP	false		UPSTREAM	0	SERVER	1	DOWNSTREAM	2	Timeline	2023-02-04 22:30:09:283
1	4	SP2	MASTER	CHECKOUT	PING	0	TARGET	I.M. Mace Windu	SIZE	30	PAYLOAD	30	ZIP	false		UPSTREAM	0	SERVER	12	DOWNSTREAM	8	Timeline	2023-02-04 22:30:09:288
0	11022	SP2	MASTER	EXIT
1	0	SP3	MASTER	CHECKIN	PING	0	TARGET	I.M. Mace Windu	SIZE	80	PAYLOAD	80	ZIP	false		UPSTREAM	25	SERVER	9	DOWNSTREAM	5	Timeline	2023-02-04 22:29:58:475
1	0	SP3	MASTER	OPENPROBLEM	PING	0	TARGET	P.M. Mando	SIZE	128	PAYLOAD	128	ZIP	false		UPSTREAM	6248	SERVER	2999	DOWNSTREAM	2	Timeline	2023-02-04 22:29:58:544
1	0	SP3	MASTER	SOLVEPROBLEM	PING	1	TARGET	Dookoo	SIZE	1024	PAYLOAD	1024	ZIP	false		UPSTREAM	3	SERVER	512	DOWNSTREAM	2	Timeline	2023-02-04 22:30:07:894
1	0	SP3	MASTER	SOLVEPROBLEM	PING	2	TARGET	Dookoo	SIZE	2048	PAYLOAD	2048	ZIP	false		UPSTREAM	0	SERVER	503	DOWNSTREAM	2	Timeline	2023-02-04 22:30:08:412
1	1	SP3	MASTER	SOLVEPROBLEM	PING	3	TARGET	Dookoo	SIZE	4096	PAYLOAD	4096	ZIP	false		UPSTREAM	0	SERVER	502	DOWNSTREAM	2	Timeline	2023-02-04 22:30:08:918
1	0	SP3	MASTER	SOLVEPROBLEM	PING	4	TARGET	Dookoo	SIZE	8192	PAYLOAD	8192	ZIP	false		UPSTREAM	-1	SERVER	501	DOWNSTREAM	2	Timeline	2023-02-04 22:30:09:424
1	0	SP3	MASTER	SOLVEPROBLEM	PING	5	TARGET	Dookoo	SIZE	16384	PAYLOAD	16384	ZIP	false		UPSTREAM	0	SERVER	501	DOWNSTREAM	1	Timeline	2023-02-04 22:30:09:927
1	0	SP3	MASTER	SOLVEPROBLEM	PING	6	TARGET	Dookoo	SIZE	32768	PAYLOAD	32768	ZIP	false		UPSTREAM	2	SERVER	501	DOWNSTREAM	2	Timeline	2023-02-04 22:30:10:431
1	0	SP3	MASTER	SOLVEPROBLEM	PING	7	TARGET	Dookoo	SIZE	65536	PAYLOAD	65536	ZIP	false		UPSTREAM	-1	SERVER	503	DOWNSTREAM	2	Timeline	2023-02-04 22:30:10:938
1	0	SP3	MASTER	SOLVEPROBLEM	PING	8	TARGET	Dookoo	SIZE	131072	PAYLOAD	131072	ZIP	false		UPSTREAM	0	SERVER	505	DOWNSTREAM	3	Timeline	2023-02-04 22:30:11:443
1	0	SP3	MASTER	SOLVEPROBLEM	PING	9	TARGET	Dookoo	SIZE	262144	PAYLOAD	262144	ZIP	false		UPSTREAM	0	SERVER	518	DOWNSTREAM	2	Timeline	2023-02-04 22:30:11:952
1	0	SP3	MASTER	SOLVEPROBLEM	PING	10	TARGET	Dookoo	SIZE	524288	PAYLOAD	524288	ZIP	false		UPSTREAM	0	SERVER	584	DOWNSTREAM	3	Timeline	2023-02-04 22:30:12:474
1	0	SP3	MASTER	SOLVEPROBLEM	PING	11	TARGET	Dookoo	SIZE	512	PAYLOAD	351	ZIP	true		UPSTREAM	0	SERVER	501	DOWNSTREAM	1	Timeline	2023-02-04 22:30:13:063
1	0	SP3	MASTER	SOLVEPROBLEM	PING	12	TARGET	Dookoo	SIZE	1024	PAYLOAD	503	ZIP	true		UPSTREAM	0	SERVER	501	DOWNSTREAM	2	Timeline	2023-02-04 22:30:13:566
1	0	SP3	MASTER	SOLVEPROBLEM	PING	13	TARGET	Dookoo	SIZE	2048	PAYLOAD	824	ZIP	true		UPSTREAM	0	SERVER	501	DOWNSTREAM	1	Timeline	2023-02-04 22:30:14:070
1	0	SP3	MASTER	SOLVEPROBLEM	PING	14	TARGET	Dookoo	SIZE	4096	PAYLOAD	1313	ZIP	true		UPSTREAM	0	SERVER	501	DOWNSTREAM	1	Timeline	2023-02-04 22:30:14:573
1	0	SP3	MASTER	SOLVEPROBLEM	PING	15	TARGET	Dookoo	SIZE	8192	PAYLOAD	1671	ZIP	true		UPSTREAM	0	SERVER	501	DOWNSTREAM	2	Timeline	2023-02-04 22:30:15:076
1	0	SP3	MASTER	SOLVEPROBLEM	PING	16	TARGET	Dookoo	SIZE	16384	PAYLOAD	1773	ZIP	true		UPSTREAM	-1	SERVER	501	DOWNSTREAM	2	Timeline	2023-02-04 22:30:15:580
1	0	SP3	MASTER	SOLVEPROBLEM	PING	17	TARGET	Dookoo	SIZE	32768	PAYLOAD	1955	ZIP	true		UPSTREAM	-1	SERVER	502	DOWNSTREAM	1	Timeline	2023-02-04 22:30:16:083
1	0	SP3	MASTER	SOLVEPROBLEM	PING	18	TARGET	Dookoo	SIZE	65536	PAYLOAD	2290	ZIP	true		UPSTREAM	0	SERVER	502	DOWNSTREAM	2	Timeline	2023-02-04 22:30:16:586
1	0	SP3	MASTER	SOLVEPROBLEM	PING	19	TARGET	Dookoo	SIZE	131072	PAYLOAD	2948	ZIP	true		UPSTREAM	-1	SERVER	505	DOWNSTREAM	2	Timeline	2023-02-04 22:30:17:092
1	0	SP3	MASTER	SOLVEPROBLEM	PING	20	TARGET	Dookoo	SIZE	262144	PAYLOAD	4213	ZIP	true		UPSTREAM	0	SERVER	515	DOWNSTREAM	2	Timeline	2023-02-04 22:30:17:599
1	0	SP3	MASTER	CLOSEPROBLEM	PING	0	TARGET	P.M. Mando	SIZE	84	PAYLOAD	84	ZIP	false		UPSTREAM	-1	SERVER	2	DOWNSTREAM	2	Timeline	2023-02-04 22:30:18:120
1	0	SP3	MASTER	CHECKOUT	PING	0	TARGET	I.M. Mace Windu	SIZE	30	PAYLOAD	30	ZIP	false		UPSTREAM	1	SERVER	7	DOWNSTREAM	2	Timeline	2023-02-04 22:30:18:124
0	19807	SP3	MASTER	EXIT
1	16	SP0	MASTER	CHECKIN	PING	0	TARGET	I.M. Mace Windu	SIZE	80	PAYLOAD	80	ZIP	false		UPSTREAM	43	SERVER	6	DOWNSTREAM	11	Timeline	2023-02-04 22:30:55:009
1	0	SP0	MASTER	OPENPROBLEM	PING	0	TARGET	P.M. Mando	SIZE	128	PAYLOAD	128	ZIP	false		UPSTREAM	9241	SERVER	3067	DOWNSTREAM	7	Timeline	2023-02-04 22:30:55:128
1	0	SP0	MASTER	SOLVEPROBLEM	PING	1	TARGET	Dookoo	SIZE	1024	PAYLOAD	1024	ZIP	false		UPSTREAM	1	SERVER	501	DOWNSTREAM	2	Timeline	2023-02-04 22:31:07:539
1	0	SP0	MASTER	SOLVEPROBLEM	PING	2	TARGET	Dookoo	SIZE	2048	PAYLOAD	2048	ZIP	false		UPSTREAM	0	SERVER	501	DOWNSTREAM	3	Timeline	2023-02-04 22:31:08:045
1	0	SP0	MASTER	SOLVEPROBLEM	PING	3	TARGET	Dookoo	SIZE	4096	PAYLOAD	4096	ZIP	false		UPSTREAM	1	SERVER	501	DOWNSTREAM	2	Timeline	2023-02-04 22:31:08:553
1	0	SP0	MASTER	SOLVEPROBLEM	PING	4	TARGET	Dookoo	SIZE	8192	PAYLOAD	8192	ZIP	false		UPSTREAM	0	SERVER	502	DOWNSTREAM	2	Timeline	2023-02-04 22:31:09:058
1	0	SP0	MASTER	SOLVEPROBLEM	PING	5	TARGET	Dookoo	SIZE	16384	PAYLOAD	16384	ZIP	false		UPSTREAM	3	SERVER	500	DOWNSTREAM	2	Timeline	2023-02-04 22:31:09:563
1	0	SP0	MASTER	SOLVEPROBLEM	PING	6	TARGET	Dookoo	SIZE	32768	PAYLOAD	32768	ZIP	false		UPSTREAM	0	SERVER	501	DOWNSTREAM	2	Timeline	2023-02-04 22:31:10:069
1	0	SP0	MASTER	SOLVEPROBLEM	PING	7	TARGET	Dookoo	SIZE	65536	PAYLOAD	65536	ZIP	false		UPSTREAM	1	SERVER	504	DOWNSTREAM	2	Timeline	2023-02-04 22:31:10:574
1	0	SP0	MASTER	SOLVEPROBLEM	PING	8	TARGET	Dookoo	SIZE	131072	PAYLOAD	131072	ZIP	false		UPSTREAM	0	SERVER	505	DOWNSTREAM	3	Timeline	2023-02-04 22:31:11:082
1	0	SP0	MASTER	SOLVEPROBLEM	PING	9	TARGET	Dookoo	SIZE	262144	PAYLOAD	262144	ZIP	false		UPSTREAM	0	SERVER	520	DOWNSTREAM	4	Timeline	2023-02-04 22:31:11:594
1	0	SP0	MASTER	SOLVEPROBLEM	PING	10	TARGET	Dookoo	SIZE	524288	PAYLOAD	524288	ZIP	false		UPSTREAM	-1	SERVER	577	DOWNSTREAM	7	Timeline	2023-02-04 22:31:12:119
1	0	SP0	MASTER	SOLVEPROBLEM	PING	11	TARGET	Dookoo	SIZE	512	PAYLOAD	349	ZIP	true		UPSTREAM	0	SERVER	501	DOWNSTREAM	1	Timeline	2023-02-04 22:31:12:703
1	0	SP0	MASTER	SOLVEPROBLEM	PING	12	TARGET	Dookoo	SIZE	1024	PAYLOAD	506	ZIP	true		UPSTREAM	0	SERVER	501	DOWNSTREAM	4	Timeline	2023-02-04 22:31:13:207
1	0	SP0	MASTER	SOLVEPROBLEM	PING	13	TARGET	Dookoo	SIZE	2048	PAYLOAD	824	ZIP	true		UPSTREAM	0	SERVER	502	DOWNSTREAM	2	Timeline	2023-02-04 22:31:13:714
1	0	SP0	MASTER	SOLVEPROBLEM	PING	14	TARGET	Dookoo	SIZE	4096	PAYLOAD	1470	ZIP	true		UPSTREAM	0	SERVER	509	DOWNSTREAM	2	Timeline	2023-02-04 22:31:14:220
1	0	SP0	MASTER	SOLVEPROBLEM	PING	15	TARGET	Dookoo	SIZE	8192	PAYLOAD	1674	ZIP	true		UPSTREAM	0	SERVER	501	DOWNSTREAM	13	Timeline	2023-02-04 22:31:14:732
1	0	SP0	MASTER	SOLVEPROBLEM	PING	16	TARGET	Dookoo	SIZE	16384	PAYLOAD	1767	ZIP	true		UPSTREAM	0	SERVER	505	DOWNSTREAM	2	Timeline	2023-02-04 22:31:15:249
1	0	SP0	MASTER	SOLVEPROBLEM	PING	17	TARGET	Dookoo	SIZE	32768	PAYLOAD	1952	ZIP	true		UPSTREAM	0	SERVER	501	DOWNSTREAM	2	Timeline	2023-02-04 22:31:15:757
1	0	SP0	MASTER	SOLVEPROBLEM	PING	18	TARGET	Dookoo	SIZE	65536	PAYLOAD	2291	ZIP	true		UPSTREAM	0	SERVER	502	DOWNSTREAM	2	Timeline	2023-02-04 22:31:16:274
1	0	SP0	MASTER	SOLVEPROBLEM	PING	19	TARGET	Dookoo	SIZE	131072	PAYLOAD	2948	ZIP	true		UPSTREAM	6	SERVER	509	DOWNSTREAM	17	Timeline	2023-02-04 22:31:16:781
1	6	SP0	MASTER	SOLVEPROBLEM	PING	20	TARGET	Dookoo	SIZE	262144	PAYLOAD	4206	ZIP	true		UPSTREAM	0	SERVER	554	DOWNSTREAM	3	Timeline	2023-02-04 22:31:17:325
1	0	SP0	MASTER	CLOSEPROBLEM	PING	0	TARGET	P.M. Mando	SIZE	84	PAYLOAD	84	ZIP	false		UPSTREAM	0	SERVER	2	DOWNSTREAM	4	Timeline	2023-02-04 22:31:17:896
1	0	SP0	MASTER	CHECKOUT	PING	0	TARGET	I.M. Mace Windu	SIZE	30	PAYLOAD	30	ZIP	false		UPSTREAM	-1	SERVER	10	DOWNSTREAM	2	Timeline	2023-02-04 22:31:17:926
0	23314	SP0	MASTER	EXIT
1	10	SP1	MASTER	CHECKIN	PING	0	TARGET	I.M. Mace Windu	SIZE	80	PAYLOAD	80	ZIP	false		UPSTREAM	25	SERVER	7	DOWNSTREAM	33	Timeline	2023-02-04 22:30:54:984
1	0	SP1	MASTER	OPENPROBLEM	PING	0	TARGET	P.M. Mando	SIZE	128	PAYLOAD	128	ZIP	false		UPSTREAM	15328	SERVER	3007	DOWNSTREAM	2	Timeline	2023-02-04 22:30:55:131
1	0	SP1	MASTER	SOLVEPROBLEM	PING	1	TARGET	Dookoo	SIZE	1024	PAYLOAD	1024	ZIP	false		UPSTREAM	1	SERVER	513	DOWNSTREAM	2	Timeline	2023-02-04 22:31:13:570
1	0	SP1	MASTER	SOLVEPROBLEM	PING	2	TARGET	Dookoo	SIZE	2048	PAYLOAD	2048	ZIP	false		UPSTREAM	0	SERVER	501	DOWNSTREAM	4	Timeline	2023-02-04 22:31:14:089
1	0	SP1	MASTER	SOLVEPROBLEM	PING	3	TARGET	Dookoo	SIZE	4096	PAYLOAD	4096	ZIP	false		UPSTREAM	0	SERVER	506	DOWNSTREAM	2	Timeline	2023-02-04 22:31:14:606
1	0	SP1	MASTER	SOLVEPROBLEM	PING	4	TARGET	Dookoo	SIZE	8192	PAYLOAD	8192	ZIP	false		UPSTREAM	0	SERVER	501	DOWNSTREAM	2	Timeline	2023-02-04 22:31:15:114
1	0	SP1	MASTER	SOLVEPROBLEM	PING	5	TARGET	Dookoo	SIZE	16384	PAYLOAD	16384	ZIP	false		UPSTREAM	-1	SERVER	501	DOWNSTREAM	2	Timeline	2023-02-04 22:31:15:618
1	0	SP1	MASTER	SOLVEPROBLEM	PING	6	TARGET	Dookoo	SIZE	32768	PAYLOAD	32768	ZIP	false		UPSTREAM	0	SERVER	501	DOWNSTREAM	2	Timeline	2023-02-04 22:31:16:121
1	0	SP1	MASTER	SOLVEPROBLEM	PING	7	TARGET	Dookoo	SIZE	65536	PAYLOAD	65536	ZIP	false		UPSTREAM	13	SERVER	521	DOWNSTREAM	3	Timeline	2023-02-04 22:31:16:627
1	0	SP1	MASTER	SOLVEPROBLEM	PING	8	TARGET	Dookoo	SIZE	131072	PAYLOAD	131072	ZIP	false		UPSTREAM	0	SERVER	525	DOWNSTREAM	2	Timeline	2023-02-04 22:31:17:165
1	0	SP1	MASTER	SOLVEPROBLEM	PING	9	TARGET	Dookoo	SIZE	262144	PAYLOAD	262144	ZIP	false		UPSTREAM	0	SERVER	546	DOWNSTREAM	3	Timeline	2023-02-04 22:31:17:698
1	0	SP1	MASTER	SOLVEPROBLEM	PING	10	TARGET	Dookoo	SIZE	524288	PAYLOAD	524288	ZIP	false		UPSTREAM	-1	SERVER	633	DOWNSTREAM	4	Timeline	2023-02-04 22:31:18:248
1	0	SP1	MASTER	SOLVEPROBLEM	PING	11	TARGET	Dookoo	SIZE	512	PAYLOAD	348	ZIP	true		UPSTREAM	-1	SERVER	503	DOWNSTREAM	1	Timeline	2023-02-04 22:31:18:885
1	0	SP1	MASTER	SOLVEPROBLEM	PING	12	TARGET	Dookoo	SIZE	1024	PAYLOAD	507	ZIP	true		UPSTREAM	5	SERVER	501	DOWNSTREAM	2	Timeline	2023-02-04 22:31:19:390
1	0	SP1	MASTER	SOLVEPROBLEM	PING	13	TARGET	Dookoo	SIZE	2048	PAYLOAD	1129	ZIP	true		UPSTREAM	0	SERVER	501	DOWNSTREAM	2	Timeline	2023-02-04 22:31:19:899
1	0	SP1	MASTER	SOLVEPROBLEM	PING	14	TARGET	Dookoo	SIZE	4096	PAYLOAD	1474	ZIP	true		UPSTREAM	0	SERVER	503	DOWNSTREAM	1	Timeline	2023-02-04 22:31:20:403
1	0	SP1	MASTER	SOLVEPROBLEM	PING	15	TARGET	Dookoo	SIZE	8192	PAYLOAD	1520	ZIP	true		UPSTREAM	-1	SERVER	503	DOWNSTREAM	2	Timeline	2023-02-04 22:31:20:909
1	0	SP1	MASTER	SOLVEPROBLEM	PING	16	TARGET	Dookoo	SIZE	16384	PAYLOAD	1766	ZIP	true		UPSTREAM	-1	SERVER	501	DOWNSTREAM	2	Timeline	2023-02-04 22:31:21:414
1	0	SP1	MASTER	SOLVEPROBLEM	PING	17	TARGET	Dookoo	SIZE	32768	PAYLOAD	1946	ZIP	true		UPSTREAM	-1	SERVER	509	DOWNSTREAM	2	Timeline	2023-02-04 22:31:21:917
1	0	SP1	MASTER	SOLVEPROBLEM	PING	18	TARGET	Dookoo	SIZE	65536	PAYLOAD	2295	ZIP	true		UPSTREAM	0	SERVER	502	DOWNSTREAM	2	Timeline	2023-02-04 22:31:22:428
1	0	SP1	MASTER	SOLVEPROBLEM	PING	19	TARGET	Dookoo	SIZE	131072	PAYLOAD	2944	ZIP	true		UPSTREAM	-1	SERVER	506	DOWNSTREAM	2	Timeline	2023-02-04 22:31:22:934
1	0	SP1	MASTER	SOLVEPROBLEM	PING	20	TARGET	Dookoo	SIZE	262144	PAYLOAD	4202	ZIP	true		UPSTREAM	-1	SERVER	517	DOWNSTREAM	2	Timeline	2023-02-04 22:31:23:443
1	0	SP1	MASTER	CLOSEPROBLEM	PING	0	TARGET	P.M. Mando	SIZE	84	PAYLOAD	84	ZIP	false		UPSTREAM	-1	SERVER	2	DOWNSTREAM	1	Timeline	2023-02-04 22:31:23:966
1	0	SP1	MASTER	CHECKOUT	PING	0	TARGET	I.M. Mace Windu	SIZE	30	PAYLOAD	30	ZIP	false		UPSTREAM	0	SERVER	7	DOWNSTREAM	1	Timeline	2023-02-04 22:31:23:969
0	29318	SP1	MASTER	EXIT
1	0	SP2	MASTER	CHECKIN	PING	0	TARGET	I.M. Mace Windu	SIZE	80	PAYLOAD	80	ZIP	false		UPSTREAM	44	SERVER	8	DOWNSTREAM	14	Timeline	2023-02-04 22:30:55:020
1	0	SP2	MASTER	OPENPROBLEM	PING	0	TARGET	P.M. Mando	SIZE	128	PAYLOAD	128	ZIP	false		UPSTREAM	6202	SERVER	3048	DOWNSTREAM	5	Timeline	2023-02-04 22:30:55:117
1	0	SP2	MASTER	SOLVEPROBLEM	PING	1	TARGET	Dookoo	SIZE	1024	PAYLOAD	1024	ZIP	false		UPSTREAM	5	SERVER	501	DOWNSTREAM	1	Timeline	2023-02-04 22:31:04:473
1	0	SP2	MASTER	SOLVEPROBLEM	PING	2	TARGET	Dookoo	SIZE	2048	PAYLOAD	2048	ZIP	false		UPSTREAM	0	SERVER	502	DOWNSTREAM	1	Timeline	2023-02-04 22:31:04:982
1	0	SP2	MASTER	SOLVEPROBLEM	PING	3	TARGET	Dookoo	SIZE	4096	PAYLOAD	4096	ZIP	false		UPSTREAM	12	SERVER	525	DOWNSTREAM	2	Timeline	2023-02-04 22:31:05:487
1	0	SP2	MASTER	SOLVEPROBLEM	PING	4	TARGET	Dookoo	SIZE	8192	PAYLOAD	8192	ZIP	false		UPSTREAM	13	SERVER	501	DOWNSTREAM	1	Timeline	2023-02-04 22:31:06:027
1	0	SP2	MASTER	SOLVEPROBLEM	PING	5	TARGET	Dookoo	SIZE	16384	PAYLOAD	16384	ZIP	false		UPSTREAM	0	SERVER	500	DOWNSTREAM	2	Timeline	2023-02-04 22:31:06:543
1	0	SP2	MASTER	SOLVEPROBLEM	PING	6	TARGET	Dookoo	SIZE	32768	PAYLOAD	32768	ZIP	false		UPSTREAM	-1	SERVER	509	DOWNSTREAM	2	Timeline	2023-02-04 22:31:07:047
1	0	SP2	MASTER	SOLVEPROBLEM	PING	7	TARGET	Dookoo	SIZE	65536	PAYLOAD	65536	ZIP	false		UPSTREAM	0	SERVER	506	DOWNSTREAM	2	Timeline	2023-02-04 22:31:07:564
1	0	SP2	MASTER	SOLVEPROBLEM	PING	8	TARGET	Dookoo	SIZE	131072	PAYLOAD	131072	ZIP	false		UPSTREAM	1	SERVER	506	DOWNSTREAM	4	Timeline	2023-02-04 22:31:08:074
1	0	SP2	MASTER	SOLVEPROBLEM	PING	9	TARGET	Dookoo	SIZE	262144	PAYLOAD	262144	ZIP	false		UPSTREAM	0	SERVER	524	DOWNSTREAM	3	Timeline	2023-02-04 22:31:08:591
1	0	SP2	MASTER	SOLVEPROBLEM	PING	10	TARGET	Dookoo	SIZE	524288	PAYLOAD	524288	ZIP	false		UPSTREAM	0	SERVER	583	DOWNSTREAM	5	Timeline	2023-02-04 22:31:09:119
1	0	SP2	MASTER	SOLVEPROBLEM	PING	11	TARGET	Dookoo	SIZE	512	PAYLOAD	349	ZIP	true		UPSTREAM	-1	SERVER	501	DOWNSTREAM	2	Timeline	2023-02-04 22:31:09:709
1	0	SP2	MASTER	SOLVEPROBLEM	PING	12	TARGET	Dookoo	SIZE	1024	PAYLOAD	658	ZIP	true		UPSTREAM	1	SERVER	501	DOWNSTREAM	2	Timeline	2023-02-04 22:31:10:212
1	0	SP2	MASTER	SOLVEPROBLEM	PING	13	TARGET	Dookoo	SIZE	2048	PAYLOAD	977	ZIP	true		UPSTREAM	0	SERVER	503	DOWNSTREAM	3	Timeline	2023-02-04 22:31:10:718
1	0	SP2	MASTER	SOLVEPROBLEM	PING	14	TARGET	Dookoo	SIZE	4096	PAYLOAD	1313	ZIP	true		UPSTREAM	5	SERVER	509	DOWNSTREAM	1	Timeline	2023-02-04 22:31:11:231
1	0	SP2	MASTER	SOLVEPROBLEM	PING	15	TARGET	Dookoo	SIZE	8192	PAYLOAD	1674	ZIP	true		UPSTREAM	-1	SERVER	510	DOWNSTREAM	2	Timeline	2023-02-04 22:31:11:748
1	0	SP2	MASTER	SOLVEPROBLEM	PING	16	TARGET	Dookoo	SIZE	16384	PAYLOAD	1771	ZIP	true		UPSTREAM	0	SERVER	503	DOWNSTREAM	2	Timeline	2023-02-04 22:31:12:261
1	0	SP2	MASTER	SOLVEPROBLEM	PING	17	TARGET	Dookoo	SIZE	32768	PAYLOAD	1950	ZIP	true		UPSTREAM	0	SERVER	501	DOWNSTREAM	2	Timeline	2023-02-04 22:31:12:767
1	0	SP2	MASTER	SOLVEPROBLEM	PING	18	TARGET	Dookoo	SIZE	65536	PAYLOAD	2290	ZIP	true		UPSTREAM	0	SERVER	502	DOWNSTREAM	2	Timeline	2023-02-04 22:31:13:272
1	5	SP2	MASTER	SOLVEPROBLEM	PING	19	TARGET	Dookoo	SIZE	131072	PAYLOAD	2954	ZIP	true		UPSTREAM	0	SERVER	521	DOWNSTREAM	2	Timeline	2023-02-04 22:31:13:780
1	0	SP2	MASTER	SOLVEPROBLEM	PING	20	TARGET	Dookoo	SIZE	262144	PAYLOAD	4204	ZIP	true		UPSTREAM	0	SERVER	553	DOWNSTREAM	2	Timeline	2023-02-04 22:31:14:317
1	2	SP2	MASTER	CLOSEPROBLEM	PING	0	TARGET	P.M. Mando	SIZE	84	PAYLOAD	84	ZIP	false		UPSTREAM	1649	SERVER	2	DOWNSTREAM	2	Timeline	2023-02-04 22:31:14:880
1	0	SP2	MASTER	CHECKOUT	PING	0	TARGET	I.M. Mace Windu	SIZE	30	PAYLOAD	30	ZIP	false		UPSTREAM	94	SERVER	10	DOWNSTREAM	2	Timeline	2023-02-04 22:31:16:536
0	21927	SP2	MASTER	EXIT
1	18	SP3	MASTER	CHECKIN	PING	0	TARGET	I.M. Mace Windu	SIZE	80	PAYLOAD	80	ZIP	false		UPSTREAM	34	SERVER	7	DOWNSTREAM	10	Timeline	2023-02-04 22:30:55:005
1	0	SP3	MASTER	OPENPROBLEM	PING	0	TARGET	P.M. Mando	SIZE	128	PAYLOAD	128	ZIP	false		UPSTREAM	214	SERVER	2978	DOWNSTREAM	2	Timeline	2023-02-04 22:30:55:123
1	0	SP3	MASTER	SOLVEPROBLEM	PING	1	TARGET	Dookoo	SIZE	1024	PAYLOAD	1024	ZIP	false		UPSTREAM	4	SERVER	501	DOWNSTREAM	2	Timeline	2023-02-04 22:30:58:419
1	0	SP3	MASTER	SOLVEPROBLEM	PING	2	TARGET	Dookoo	SIZE	2048	PAYLOAD	2048	ZIP	false		UPSTREAM	0	SERVER	500	DOWNSTREAM	2	Timeline	2023-02-04 22:30:58:928
1	0	SP3	MASTER	SOLVEPROBLEM	PING	3	TARGET	Dookoo	SIZE	4096	PAYLOAD	4096	ZIP	false		UPSTREAM	0	SERVER	502	DOWNSTREAM	2	Timeline	2023-02-04 22:30:59:431
1	0	SP3	MASTER	SOLVEPROBLEM	PING	4	TARGET	Dookoo	SIZE	8192	PAYLOAD	8192	ZIP	false		UPSTREAM	0	SERVER	500	DOWNSTREAM	2	Timeline	2023-02-04 22:30:59:937
1	0	SP3	MASTER	SOLVEPROBLEM	PING	5	TARGET	Dookoo	SIZE	16384	PAYLOAD	16384	ZIP	false		UPSTREAM	0	SERVER	503	DOWNSTREAM	2	Timeline	2023-02-04 22:31:00:441
1	0	SP3	MASTER	SOLVEPROBLEM	PING	6	TARGET	Dookoo	SIZE	32768	PAYLOAD	32768	ZIP	false		UPSTREAM	-1	SERVER	501	DOWNSTREAM	2	Timeline	2023-02-04 22:31:00:947
1	0	SP3	MASTER	SOLVEPROBLEM	PING	7	TARGET	Dookoo	SIZE	65536	PAYLOAD	65536	ZIP	false		UPSTREAM	0	SERVER	509	DOWNSTREAM	2	Timeline	2023-02-04 22:31:01:451
1	0	SP3	MASTER	SOLVEPROBLEM	PING	8	TARGET	Dookoo	SIZE	131072	PAYLOAD	131072	ZIP	false		UPSTREAM	0	SERVER	505	DOWNSTREAM	3	Timeline	2023-02-04 22:31:01:963
1	0	SP3	MASTER	SOLVEPROBLEM	PING	9	TARGET	Dookoo	SIZE	262144	PAYLOAD	262144	ZIP	false		UPSTREAM	0	SERVER	516	DOWNSTREAM	3	Timeline	2023-02-04 22:31:02:472
1	0	SP3	MASTER	SOLVEPROBLEM	PING	10	TARGET	Dookoo	SIZE	524288	PAYLOAD	524288	ZIP	false		UPSTREAM	-1	SERVER	575	DOWNSTREAM	6	Timeline	2023-02-04 22:31:02:992
1	0	SP3	MASTER	SOLVEPROBLEM	PING	11	TARGET	Dookoo	SIZE	512	PAYLOAD	347	ZIP	true		UPSTREAM	-1	SERVER	502	DOWNSTREAM	1	Timeline	2023-02-04 22:31:03:573
1	0	SP3	MASTER	SOLVEPROBLEM	PING	12	TARGET	Dookoo	SIZE	1024	PAYLOAD	507	ZIP	true		UPSTREAM	-1	SERVER	501	DOWNSTREAM	2	Timeline	2023-02-04 22:31:04:077
1	0	SP3	MASTER	SOLVEPROBLEM	PING	13	TARGET	Dookoo	SIZE	2048	PAYLOAD	1130	ZIP	true		UPSTREAM	-1	SERVER	503	DOWNSTREAM	2	Timeline	2023-02-04 22:31:04:586
1	0	SP3	MASTER	SOLVEPROBLEM	PING	14	TARGET	Dookoo	SIZE	4096	PAYLOAD	1158	ZIP	true		UPSTREAM	0	SERVER	501	DOWNSTREAM	2	Timeline	2023-02-04 22:31:05:095
1	0	SP3	MASTER	SOLVEPROBLEM	PING	15	TARGET	Dookoo	SIZE	8192	PAYLOAD	1515	ZIP	true		UPSTREAM	4	SERVER	503	DOWNSTREAM	2	Timeline	2023-02-04 22:31:05:613
1	0	SP3	MASTER	SOLVEPROBLEM	PING	16	TARGET	Dookoo	SIZE	16384	PAYLOAD	1774	ZIP	true		UPSTREAM	0	SERVER	501	DOWNSTREAM	1	Timeline	2023-02-04 22:31:06:124
1	0	SP3	MASTER	SOLVEPROBLEM	PING	17	TARGET	Dookoo	SIZE	32768	PAYLOAD	1951	ZIP	true		UPSTREAM	-1	SERVER	502	DOWNSTREAM	1	Timeline	2023-02-04 22:31:06:628
1	0	SP3	MASTER	SOLVEPROBLEM	PING	18	TARGET	Dookoo	SIZE	65536	PAYLOAD	2290	ZIP	true		UPSTREAM	0	SERVER	502	DOWNSTREAM	3	Timeline	2023-02-04 22:31:07:133
1	0	SP3	MASTER	SOLVEPROBLEM	PING	19	TARGET	Dookoo	SIZE	131072	PAYLOAD	2944	ZIP	true		UPSTREAM	0	SERVER	513	DOWNSTREAM	2	Timeline	2023-02-04 22:31:07:641
1	0	SP3	MASTER	SOLVEPROBLEM	PING	20	TARGET	Dookoo	SIZE	262144	PAYLOAD	4207	ZIP	true		UPSTREAM	0	SERVER	527	DOWNSTREAM	2	Timeline	2023-02-04 22:31:08:161
1	0	SP3	MASTER	CLOSEPROBLEM	PING	0	TARGET	P.M. Mando	SIZE	84	PAYLOAD	84	ZIP	false		UPSTREAM	7823	SERVER	2	DOWNSTREAM	3	Timeline	2023-02-04 22:31:08:695
1	0	SP3	MASTER	CHECKOUT	PING	0	TARGET	I.M. Mace Windu	SIZE	30	PAYLOAD	30	ZIP	false		UPSTREAM	37	SERVER	19	DOWNSTREAM	3	Timeline	2023-02-04 22:31:16:527
0	21849	SP3	MASTER	EXIT
1	10	SP4	MASTER	CHECKIN	PING	0	TARGET	I.M. Mace Windu	SIZE	80	PAYLOAD	80	ZIP	false		UPSTREAM	12	SERVER	6	DOWNSTREAM	36	Timeline	2023-02-04 22:30:54:980
1	0	SP4	MASTER	OPENPROBLEM	PING	0	TARGET	P.M. Mando	SIZE	128	PAYLOAD	128	ZIP	false		UPSTREAM	2	SERVER	216	DOWNSTREAM	3	Timeline	2023-02-04 22:30:55:117
1	0	SP4	MASTER	SOLVEPROBLEM	PING	1	TARGET	Dookoo	SIZE	1024	PAYLOAD	1024	ZIP	false		UPSTREAM	1	SERVER	501	DOWNSTREAM	2	Timeline	2023-02-04 22:30:55:446
1	0	SP4	MASTER	SOLVEPROBLEM	PING	2	TARGET	Dookoo	SIZE	2048	PAYLOAD	2048	ZIP	false		UPSTREAM	0	SERVER	508	DOWNSTREAM	3	Timeline	2023-02-04 22:30:55:956
1	0	SP4	MASTER	SOLVEPROBLEM	PING	3	TARGET	Dookoo	SIZE	4096	PAYLOAD	4096	ZIP	false		UPSTREAM	-1	SERVER	501	DOWNSTREAM	3	Timeline	2023-02-04 22:30:56:469
1	0	SP4	MASTER	SOLVEPROBLEM	PING	4	TARGET	Dookoo	SIZE	8192	PAYLOAD	8192	ZIP	false		UPSTREAM	0	SERVER	500	DOWNSTREAM	2	Timeline	2023-02-04 22:30:56:975
1	0	SP4	MASTER	SOLVEPROBLEM	PING	5	TARGET	Dookoo	SIZE	16384	PAYLOAD	16384	ZIP	false		UPSTREAM	0	SERVER	501	DOWNSTREAM	2	Timeline	2023-02-04 22:30:57:480
1	0	SP4	MASTER	SOLVEPROBLEM	PING	6	TARGET	Dookoo	SIZE	32768	PAYLOAD	32768	ZIP	false		UPSTREAM	0	SERVER	500	DOWNSTREAM	3	Timeline	2023-02-04 22:30:57:985
1	0	SP4	MASTER	SOLVEPROBLEM	PING	7	TARGET	Dookoo	SIZE	65536	PAYLOAD	65536	ZIP	false		UPSTREAM	2	SERVER	501	DOWNSTREAM	4	Timeline	2023-02-04 22:30:58:489
1	0	SP4	MASTER	SOLVEPROBLEM	PING	8	TARGET	Dookoo	SIZE	131072	PAYLOAD	131072	ZIP	false		UPSTREAM	0	SERVER	506	DOWNSTREAM	2	Timeline	2023-02-04 22:30:59:005
1	0	SP4	MASTER	SOLVEPROBLEM	PING	9	TARGET	Dookoo	SIZE	262144	PAYLOAD	262144	ZIP	false		UPSTREAM	0	SERVER	515	DOWNSTREAM	14	Timeline	2023-02-04 22:30:59:515
1	0	SP4	MASTER	SOLVEPROBLEM	PING	10	TARGET	Dookoo	SIZE	524288	PAYLOAD	524288	ZIP	false		UPSTREAM	0	SERVER	559	DOWNSTREAM	6	Timeline	2023-02-04 22:31:00:045
1	0	SP4	MASTER	SOLVEPROBLEM	PING	11	TARGET	Dookoo	SIZE	512	PAYLOAD	348	ZIP	true		UPSTREAM	0	SERVER	501	DOWNSTREAM	2	Timeline	2023-02-04 22:31:00:611
1	1	SP4	MASTER	SOLVEPROBLEM	PING	12	TARGET	Dookoo	SIZE	1024	PAYLOAD	505	ZIP	true		UPSTREAM	-1	SERVER	501	DOWNSTREAM	2	Timeline	2023-02-04 22:31:01:116
1	0	SP4	MASTER	SOLVEPROBLEM	PING	13	TARGET	Dookoo	SIZE	2048	PAYLOAD	976	ZIP	true		UPSTREAM	0	SERVER	502	DOWNSTREAM	2	Timeline	2023-02-04 22:31:01:619
1	1	SP4	MASTER	SOLVEPROBLEM	PING	14	TARGET	Dookoo	SIZE	4096	PAYLOAD	1162	ZIP	true		UPSTREAM	0	SERVER	500	DOWNSTREAM	3	Timeline	2023-02-04 22:31:02:125
1	0	SP4	MASTER	SOLVEPROBLEM	PING	15	TARGET	Dookoo	SIZE	8192	PAYLOAD	1676	ZIP	true		UPSTREAM	0	SERVER	502	DOWNSTREAM	2	Timeline	2023-02-04 22:31:02:634
1	0	SP4	MASTER	SOLVEPROBLEM	PING	16	TARGET	Dookoo	SIZE	16384	PAYLOAD	1771	ZIP	true		UPSTREAM	-1	SERVER	501	DOWNSTREAM	2	Timeline	2023-02-04 22:31:03:141
1	0	SP4	MASTER	SOLVEPROBLEM	PING	17	TARGET	Dookoo	SIZE	32768	PAYLOAD	1951	ZIP	true		UPSTREAM	2	SERVER	501	DOWNSTREAM	3	Timeline	2023-02-04 22:31:03:646
1	0	SP4	MASTER	SOLVEPROBLEM	PING	18	TARGET	Dookoo	SIZE	65536	PAYLOAD	2293	ZIP	true		UPSTREAM	0	SERVER	504	DOWNSTREAM	3	Timeline	2023-02-04 22:31:04:155
1	0	SP4	MASTER	SOLVEPROBLEM	PING	19	TARGET	Dookoo	SIZE	131072	PAYLOAD	2955	ZIP	true		UPSTREAM	-1	SERVER	509	DOWNSTREAM	3	Timeline	2023-02-04 22:31:04:668
1	0	SP4	MASTER	SOLVEPROBLEM	PING	20	TARGET	Dookoo	SIZE	262144	PAYLOAD	4214	ZIP	true		UPSTREAM	0	SERVER	542	DOWNSTREAM	2	Timeline	2023-02-04 22:31:05:182
1	0	SP4	MASTER	CLOSEPROBLEM	PING	0	TARGET	P.M. Mando	SIZE	84	PAYLOAD	84	ZIP	false		UPSTREAM	10776	SERVER	2	DOWNSTREAM	2	Timeline	2023-02-04 22:31:05:734
1	0	SP4	MASTER	CHECKOUT	PING	0	TARGET	I.M. Mace Windu	SIZE	30	PAYLOAD	30	ZIP	false		UPSTREAM	27	SERVER	17	DOWNSTREAM	8	Timeline	2023-02-04 22:31:16:517
0	21783	SP4	MASTER	EXIT
1	16	SP5	MASTER	CHECKIN	PING	0	TARGET	I.M. Mace Windu	SIZE	80	PAYLOAD	80	ZIP	false		UPSTREAM	30	SERVER	14	DOWNSTREAM	10	Timeline	2023-02-04 22:30:54:988
1	0	SP5	MASTER	OPENPROBLEM	PING	0	TARGET	P.M. Mando	SIZE	128	PAYLOAD	128	ZIP	false		UPSTREAM	12311	SERVER	3013	DOWNSTREAM	2	Timeline	2023-02-04 22:30:55:133
1	0	SP5	MASTER	SOLVEPROBLEM	PING	1	TARGET	Dookoo	SIZE	1024	PAYLOAD	1024	ZIP	false		UPSTREAM	1	SERVER	512	DOWNSTREAM	2	Timeline	2023-02-04 22:31:10:561
1	0	SP5	MASTER	SOLVEPROBLEM	PING	2	TARGET	Dookoo	SIZE	2048	PAYLOAD	2048	ZIP	false		UPSTREAM	0	SERVER	501	DOWNSTREAM	1	Timeline	2023-02-04 22:31:11:080
1	0	SP5	MASTER	SOLVEPROBLEM	PING	3	TARGET	Dookoo	SIZE	4096	PAYLOAD	4096	ZIP	false		UPSTREAM	4	SERVER	503	DOWNSTREAM	2	Timeline	2023-02-04 22:31:11:584
1	0	SP5	MASTER	SOLVEPROBLEM	PING	4	TARGET	Dookoo	SIZE	8192	PAYLOAD	8192	ZIP	false		UPSTREAM	0	SERVER	501	DOWNSTREAM	2	Timeline	2023-02-04 22:31:12:094
1	0	SP5	MASTER	SOLVEPROBLEM	PING	5	TARGET	Dookoo	SIZE	16384	PAYLOAD	16384	ZIP	false		UPSTREAM	0	SERVER	501	DOWNSTREAM	2	Timeline	2023-02-04 22:31:12:598
1	0	SP5	MASTER	SOLVEPROBLEM	PING	6	TARGET	Dookoo	SIZE	32768	PAYLOAD	32768	ZIP	false		UPSTREAM	0	SERVER	501	DOWNSTREAM	2	Timeline	2023-02-04 22:31:13:101
1	0	SP5	MASTER	SOLVEPROBLEM	PING	7	TARGET	Dookoo	SIZE	65536	PAYLOAD	65536	ZIP	false		UPSTREAM	1	SERVER	502	DOWNSTREAM	2	Timeline	2023-02-04 22:31:13:605
1	0	SP5	MASTER	SOLVEPROBLEM	PING	8	TARGET	Dookoo	SIZE	131072	PAYLOAD	131072	ZIP	false		UPSTREAM	5	SERVER	507	DOWNSTREAM	4	Timeline	2023-02-04 22:31:14:112
1	0	SP5	MASTER	SOLVEPROBLEM	PING	9	TARGET	Dookoo	SIZE	262144	PAYLOAD	262144	ZIP	false		UPSTREAM	1	SERVER	544	DOWNSTREAM	4	Timeline	2023-02-04 22:31:14:629
1	0	SP5	MASTER	SOLVEPROBLEM	PING	10	TARGET	Dookoo	SIZE	524288	PAYLOAD	524288	ZIP	false		UPSTREAM	0	SERVER	589	DOWNSTREAM	5	Timeline	2023-02-04 22:31:15:179
1	0	SP5	MASTER	SOLVEPROBLEM	PING	11	TARGET	Dookoo	SIZE	512	PAYLOAD	348	ZIP	true		UPSTREAM	0	SERVER	504	DOWNSTREAM	2	Timeline	2023-02-04 22:31:15:774
1	0	SP5	MASTER	SOLVEPROBLEM	PING	12	TARGET	Dookoo	SIZE	1024	PAYLOAD	654	ZIP	true		UPSTREAM	0	SERVER	501	DOWNSTREAM	2	Timeline	2023-02-04 22:31:16:281
1	0	SP5	MASTER	SOLVEPROBLEM	PING	13	TARGET	Dookoo	SIZE	2048	PAYLOAD	1128	ZIP	true		UPSTREAM	3	SERVER	514	DOWNSTREAM	13	Timeline	2023-02-04 22:31:16:785
1	0	SP5	MASTER	SOLVEPROBLEM	PING	14	TARGET	Dookoo	SIZE	4096	PAYLOAD	1314	ZIP	true		UPSTREAM	1	SERVER	520	DOWNSTREAM	2	Timeline	2023-02-04 22:31:17:328
1	0	SP5	MASTER	SOLVEPROBLEM	PING	15	TARGET	Dookoo	SIZE	8192	PAYLOAD	1673	ZIP	true		UPSTREAM	0	SERVER	507	DOWNSTREAM	2	Timeline	2023-02-04 22:31:17:865
1	0	SP5	MASTER	SOLVEPROBLEM	PING	16	TARGET	Dookoo	SIZE	16384	PAYLOAD	1770	ZIP	true		UPSTREAM	-1	SERVER	502	DOWNSTREAM	1	Timeline	2023-02-04 22:31:18:376
1	0	SP5	MASTER	SOLVEPROBLEM	PING	17	TARGET	Dookoo	SIZE	32768	PAYLOAD	1953	ZIP	true		UPSTREAM	0	SERVER	501	DOWNSTREAM	2	Timeline	2023-02-04 22:31:18:879
1	1	SP5	MASTER	SOLVEPROBLEM	PING	18	TARGET	Dookoo	SIZE	65536	PAYLOAD	2294	ZIP	true		UPSTREAM	3	SERVER	503	DOWNSTREAM	2	Timeline	2023-02-04 22:31:19:384
1	0	SP5	MASTER	SOLVEPROBLEM	PING	19	TARGET	Dookoo	SIZE	131072	PAYLOAD	2945	ZIP	true		UPSTREAM	0	SERVER	507	DOWNSTREAM	2	Timeline	2023-02-04 22:31:19:894
1	0	SP5	MASTER	SOLVEPROBLEM	PING	20	TARGET	Dookoo	SIZE	262144	PAYLOAD	4207	ZIP	true		UPSTREAM	0	SERVER	521	DOWNSTREAM	2	Timeline	2023-02-04 22:31:20:405
1	0	SP5	MASTER	CLOSEPROBLEM	PING	0	TARGET	P.M. Mando	SIZE	84	PAYLOAD	84	ZIP	false		UPSTREAM	0	SERVER	3	DOWNSTREAM	2	Timeline	2023-02-04 22:31:20:934
1	0	SP5	MASTER	CHECKOUT	PING	0	TARGET	I.M. Mace Windu	SIZE	30	PAYLOAD	30	ZIP	false		UPSTREAM	0	SERVER	7	DOWNSTREAM	2	Timeline	2023-02-04 22:31:20:941
0	26113	SP5	MASTER	EXIT
1	17	SP6	MASTER	CHECKIN	PING	0	TARGET	I.M. Mace Windu	SIZE	80	PAYLOAD	80	ZIP	false		UPSTREAM	28	SERVER	6	DOWNSTREAM	3	Timeline	2023-02-04 22:30:55:046
1	0	SP6	MASTER	OPENPROBLEM	PING	0	TARGET	P.M. Mando	SIZE	128	PAYLOAD	128	ZIP	false		UPSTREAM	3190	SERVER	2998	DOWNSTREAM	2	Timeline	2023-02-04 22:30:55:126
1	0	SP6	MASTER	SOLVEPROBLEM	PING	1	TARGET	Dookoo	SIZE	1024	PAYLOAD	1024	ZIP	false		UPSTREAM	1	SERVER	503	DOWNSTREAM	2	Timeline	2023-02-04 22:31:01:422
1	0	SP6	MASTER	SOLVEPROBLEM	PING	2	TARGET	Dookoo	SIZE	2048	PAYLOAD	2048	ZIP	false		UPSTREAM	0	SERVER	501	DOWNSTREAM	2	Timeline	2023-02-04 22:31:01:929
1	0	SP6	MASTER	SOLVEPROBLEM	PING	3	TARGET	Dookoo	SIZE	4096	PAYLOAD	4096	ZIP	false		UPSTREAM	0	SERVER	501	DOWNSTREAM	1	Timeline	2023-02-04 22:31:02:433
1	0	SP6	MASTER	SOLVEPROBLEM	PING	4	TARGET	Dookoo	SIZE	8192	PAYLOAD	8192	ZIP	false		UPSTREAM	0	SERVER	503	DOWNSTREAM	2	Timeline	2023-02-04 22:31:02:937
1	0	SP6	MASTER	SOLVEPROBLEM	PING	5	TARGET	Dookoo	SIZE	16384	PAYLOAD	16384	ZIP	false		UPSTREAM	-1	SERVER	502	DOWNSTREAM	1	Timeline	2023-02-04 22:31:03:443
1	0	SP6	MASTER	SOLVEPROBLEM	PING	6	TARGET	Dookoo	SIZE	32768	PAYLOAD	32768	ZIP	false		UPSTREAM	-1	SERVER	506	DOWNSTREAM	2	Timeline	2023-02-04 22:31:03:947
1	0	SP6	MASTER	SOLVEPROBLEM	PING	7	TARGET	Dookoo	SIZE	65536	PAYLOAD	65536	ZIP	false		UPSTREAM	0	SERVER	502	DOWNSTREAM	3	Timeline	2023-02-04 22:31:04:455
1	0	SP6	MASTER	SOLVEPROBLEM	PING	8	TARGET	Dookoo	SIZE	131072	PAYLOAD	131072	ZIP	false		UPSTREAM	2	SERVER	504	DOWNSTREAM	2	Timeline	2023-02-04 22:31:04:965
1	0	SP6	MASTER	SOLVEPROBLEM	PING	9	TARGET	Dookoo	SIZE	262144	PAYLOAD	262144	ZIP	false		UPSTREAM	-1	SERVER	537	DOWNSTREAM	3	Timeline	2023-02-04 22:31:05:478
1	0	SP6	MASTER	SOLVEPROBLEM	PING	10	TARGET	Dookoo	SIZE	524288	PAYLOAD	524288	ZIP	false		UPSTREAM	1	SERVER	592	DOWNSTREAM	5	Timeline	2023-02-04 22:31:06:018
1	0	SP6	MASTER	SOLVEPROBLEM	PING	11	TARGET	Dookoo	SIZE	512	PAYLOAD	348	ZIP	true		UPSTREAM	-1	SERVER	501	DOWNSTREAM	2	Timeline	2023-02-04 22:31:06:618
1	0	SP6	MASTER	SOLVEPROBLEM	PING	12	TARGET	Dookoo	SIZE	1024	PAYLOAD	655	ZIP	true		UPSTREAM	0	SERVER	502	DOWNSTREAM	3	Timeline	2023-02-04 22:31:07:121
1	1	SP6	MASTER	SOLVEPROBLEM	PING	13	TARGET	Dookoo	SIZE	2048	PAYLOAD	824	ZIP	true		UPSTREAM	0	SERVER	501	DOWNSTREAM	2	Timeline	2023-02-04 22:31:07:628
1	0	SP6	MASTER	SOLVEPROBLEM	PING	14	TARGET	Dookoo	SIZE	4096	PAYLOAD	1159	ZIP	true		UPSTREAM	0	SERVER	506	DOWNSTREAM	2	Timeline	2023-02-04 22:31:08:133
1	0	SP6	MASTER	SOLVEPROBLEM	PING	15	TARGET	Dookoo	SIZE	8192	PAYLOAD	1518	ZIP	true		UPSTREAM	8	SERVER	501	DOWNSTREAM	3	Timeline	2023-02-04 22:31:08:643
1	0	SP6	MASTER	SOLVEPROBLEM	PING	16	TARGET	Dookoo	SIZE	16384	PAYLOAD	1764	ZIP	true		UPSTREAM	-1	SERVER	504	DOWNSTREAM	2	Timeline	2023-02-04 22:31:09:157
1	0	SP6	MASTER	SOLVEPROBLEM	PING	17	TARGET	Dookoo	SIZE	32768	PAYLOAD	1954	ZIP	true		UPSTREAM	0	SERVER	503	DOWNSTREAM	2	Timeline	2023-02-04 22:31:09:664
1	0	SP6	MASTER	SOLVEPROBLEM	PING	18	TARGET	Dookoo	SIZE	65536	PAYLOAD	2294	ZIP	true		UPSTREAM	0	SERVER	502	DOWNSTREAM	3	Timeline	2023-02-04 22:31:10:171
1	0	SP6	MASTER	SOLVEPROBLEM	PING	19	TARGET	Dookoo	SIZE	131072	PAYLOAD	2944	ZIP	true		UPSTREAM	0	SERVER	509	DOWNSTREAM	2	Timeline	2023-02-04 22:31:10:680
1	0	SP6	MASTER	SOLVEPROBLEM	PING	20	TARGET	Dookoo	SIZE	262144	PAYLOAD	4210	ZIP	true		UPSTREAM	3	SERVER	536	DOWNSTREAM	2	Timeline	2023-02-04 22:31:11:202
1	1	SP6	MASTER	CLOSEPROBLEM	PING	0	TARGET	P.M. Mando	SIZE	84	PAYLOAD	84	ZIP	false		UPSTREAM	4772	SERVER	5	DOWNSTREAM	2	Timeline	2023-02-04 22:31:11:750
1	0	SP6	MASTER	CHECKOUT	PING	0	TARGET	I.M. Mace Windu	SIZE	30	PAYLOAD	30	ZIP	false		UPSTREAM	71	SERVER	10	DOWNSTREAM	3	Timeline	2023-02-04 22:31:16:532
0	21713	SP6	MASTER	EXIT
1	0	SP7	MASTER	CHECKIN	PING	0	TARGET	I.M. Mace Windu	SIZE	80	PAYLOAD	80	ZIP	false		UPSTREAM	13	SERVER	12	DOWNSTREAM	4	Timeline	2023-02-04 22:30:55:113
1	0	SP7	MASTER	OPENPROBLEM	PING	0	TARGET	P.M. Mando	SIZE	128	PAYLOAD	128	ZIP	false		UPSTREAM	18309	SERVER	3037	DOWNSTREAM	2	Timeline	2023-02-04 22:30:55:159
1	0	SP7	MASTER	SOLVEPROBLEM	PING	1	TARGET	Dookoo	SIZE	1024	PAYLOAD	1024	ZIP	false		UPSTREAM	11	SERVER	502	DOWNSTREAM	2	Timeline	2023-02-04 22:31:16:621
1	1	SP7	MASTER	SOLVEPROBLEM	PING	2	TARGET	Dookoo	SIZE	2048	PAYLOAD	2048	ZIP	false		UPSTREAM	2	SERVER	502	DOWNSTREAM	2	Timeline	2023-02-04 22:31:17:142
1	0	SP7	MASTER	SOLVEPROBLEM	PING	3	TARGET	Dookoo	SIZE	4096	PAYLOAD	4096	ZIP	false		UPSTREAM	6	SERVER	502	DOWNSTREAM	2	Timeline	2023-02-04 22:31:17:656
1	0	SP7	MASTER	SOLVEPROBLEM	PING	4	TARGET	Dookoo	SIZE	8192	PAYLOAD	8192	ZIP	false		UPSTREAM	0	SERVER	501	DOWNSTREAM	2	Timeline	2023-02-04 22:31:18:167
1	0	SP7	MASTER	SOLVEPROBLEM	PING	5	TARGET	Dookoo	SIZE	16384	PAYLOAD	16384	ZIP	false		UPSTREAM	0	SERVER	501	DOWNSTREAM	2	Timeline	2023-02-04 22:31:18:672
1	0	SP7	MASTER	SOLVEPROBLEM	PING	6	TARGET	Dookoo	SIZE	32768	PAYLOAD	32768	ZIP	false		UPSTREAM	-1	SERVER	502	DOWNSTREAM	2	Timeline	2023-02-04 22:31:19:176
1	0	SP7	MASTER	SOLVEPROBLEM	PING	7	TARGET	Dookoo	SIZE	65536	PAYLOAD	65536	ZIP	false		UPSTREAM	6	SERVER	502	DOWNSTREAM	2	Timeline	2023-02-04 22:31:19:680
1	0	SP7	MASTER	SOLVEPROBLEM	PING	8	TARGET	Dookoo	SIZE	131072	PAYLOAD	131072	ZIP	false		UPSTREAM	-1	SERVER	505	DOWNSTREAM	2	Timeline	2023-02-04 22:31:20:191
1	0	SP7	MASTER	SOLVEPROBLEM	PING	9	TARGET	Dookoo	SIZE	262144	PAYLOAD	262144	ZIP	false		UPSTREAM	-1	SERVER	519	DOWNSTREAM	3	Timeline	2023-02-04 22:31:20:698
1	0	SP7	MASTER	SOLVEPROBLEM	PING	10	TARGET	Dookoo	SIZE	524288	PAYLOAD	524288	ZIP	false		UPSTREAM	0	SERVER	570	DOWNSTREAM	4	Timeline	2023-02-04 22:31:21:219
1	0	SP7	MASTER	SOLVEPROBLEM	PING	11	TARGET	Dookoo	SIZE	512	PAYLOAD	350	ZIP	true		UPSTREAM	0	SERVER	500	DOWNSTREAM	2	Timeline	2023-02-04 22:31:21:793
1	0	SP7	MASTER	SOLVEPROBLEM	PING	12	TARGET	Dookoo	SIZE	1024	PAYLOAD	657	ZIP	true		UPSTREAM	-1	SERVER	501	DOWNSTREAM	2	Timeline	2023-02-04 22:31:22:296
1	0	SP7	MASTER	SOLVEPROBLEM	PING	13	TARGET	Dookoo	SIZE	2048	PAYLOAD	980	ZIP	true		UPSTREAM	0	SERVER	500	DOWNSTREAM	2	Timeline	2023-02-04 22:31:22:798
1	0	SP7	MASTER	SOLVEPROBLEM	PING	14	TARGET	Dookoo	SIZE	4096	PAYLOAD	1159	ZIP	true		UPSTREAM	-1	SERVER	501	DOWNSTREAM	2	Timeline	2023-02-04 22:31:23:301
1	0	SP7	MASTER	SOLVEPROBLEM	PING	15	TARGET	Dookoo	SIZE	8192	PAYLOAD	1676	ZIP	true		UPSTREAM	-1	SERVER	501	DOWNSTREAM	2	Timeline	2023-02-04 22:31:23:804
1	0	SP7	MASTER	SOLVEPROBLEM	PING	16	TARGET	Dookoo	SIZE	16384	PAYLOAD	1770	ZIP	true		UPSTREAM	1	SERVER	501	DOWNSTREAM	2	Timeline	2023-02-04 22:31:24:307
1	0	SP7	MASTER	SOLVEPROBLEM	PING	17	TARGET	Dookoo	SIZE	32768	PAYLOAD	1951	ZIP	true		UPSTREAM	-1	SERVER	501	DOWNSTREAM	2	Timeline	2023-02-04 22:31:24:812
1	0	SP7	MASTER	SOLVEPROBLEM	PING	18	TARGET	Dookoo	SIZE	65536	PAYLOAD	2288	ZIP	true		UPSTREAM	-1	SERVER	502	DOWNSTREAM	2	Timeline	2023-02-04 22:31:25:315
1	0	SP7	MASTER	SOLVEPROBLEM	PING	19	TARGET	Dookoo	SIZE	131072	PAYLOAD	2944	ZIP	true		UPSTREAM	-1	SERVER	505	DOWNSTREAM	1	Timeline	2023-02-04 22:31:25:819
1	0	SP7	MASTER	SOLVEPROBLEM	PING	20	TARGET	Dookoo	SIZE	262144	PAYLOAD	4219	ZIP	true		UPSTREAM	0	SERVER	516	DOWNSTREAM	2	Timeline	2023-02-04 22:31:26:326
1	0	SP7	MASTER	CLOSEPROBLEM	PING	0	TARGET	P.M. Mando	SIZE	84	PAYLOAD	84	ZIP	false		UPSTREAM	0	SERVER	2	DOWNSTREAM	2	Timeline	2023-02-04 22:31:26:846
1	0	SP7	MASTER	CHECKOUT	PING	0	TARGET	I.M. Mace Windu	SIZE	30	PAYLOAD	30	ZIP	false		UPSTREAM	-1	SERVER	7	DOWNSTREAM	2	Timeline	2023-02-04 22:31:26:852
0	31856	SP7	MASTER	EXIT
